:020000040800F2
:10000000000005200D0D0008311700083317000807
:1000100035170008371700083917000800000000DE
:100020000000000000000000000000003173000824
:100030003B17000800000000D17300083574000869
:100040005D0D00085D0D00085D0D00085D0D0008E8
:100050005D0D00085D0D00085D0D00085D0D0008D8
:100060005D0D00085D0D00085D0D00085D0D0008C8
:100070005D0D00085D0D00085D0D00085D0D0008B8
:100080005D0D00085D0D00085D0D00085D0D0008A8
:100090005D0D00085D0D00085D0D00085D0D000898
:1000A0005D0D00085D0D00085D0D00085D0D000888
:1000B0005D0D00085D0D00085D0D00085D0D000878
:1000C0005D0D00085D0D00085D0D00085D0D000868
:1000D0005D0D00085D0D00083D1700085D0D00086E
:1000E0005D0D00085D0D00085D0D00085D0D000848
:1000F0005D0D00085D0D00085D0D00085D0D000838
:100100005D0D00085D0D00085D0D00085D0D000827
:1001100049170008551700086D1700085D0D000805
:100120005D0D00085D0D00085D0D00085D0D000807
:100130005D0D00085D0D00085D0D00085D0D0008F7
:100140005D0D00085D0D00085D0D00085D0D0008E7
:100150005D0D00085D0D00085D0D00085D0D0008D7
:100160005D0D00085D0D00085D0D00085D0D0008C7
:100170005D0D00085D0D00085D0D00085D0D0008B7
:100180005D0D00085D0D0008611700085D0D000899
:100190005D0D00085D0D00085D0D00085D0D000897
:1001A0005D0D00085D0D00085D0D00085D0D000887
:1001B0005D0D00085D0D00085D0D00085D0D000877
:0801C0005D0D00085D0D000853
:1001D00081F0004102E000BF83F0004330B54FEAF8
:1001E00041044FEA430594EA050F08BF90EA020F65
:1001F0001FBF54EA000C55EA020C7FEA645C7FEAF8
:10020000655C00F0E2804FEA5454D4EB5555B8BF1A
:100210006D420CDD2C4480EA020281EA030382EA8B
:10022000000083EA010180EA020281EA0303362D1D
:1002300088BF30BD11F0004F4FEA01314FF4801CF0
:100240004CEA113102D0404261EB410113F0004F02
:100250004FEA03334CEA133302D0524263EB4303B9
:1002600094EA050F00F0A780A4F10104D5F1200E57
:100270000DDB02FA0EFC22FA05F2801841F10001B2
:1002800003FA0EF2801843FA05F359410EE0A5F186
:1002900020050EF1200E012A03FA0EFC28BF4CF0B7
:1002A000020C43FA05F3C01851EBE37101F000456D
:1002B00007D54FF0000EDCF1000C7EEB00006EEB7A
:1002C0000101B1F5801F1BD3B1F5001F0CD3490804
:1002D0005FEA30004FEA3C0C04F101044FEA44525B
:1002E00012F5800F80F09A80BCF1004F08BF5FEAE2
:1002F000500C50F1000041EB045141EA050130BDC2
:100300005FEA4C0C404141EB0101013C28BFB1F5D3
:10031000801FE9D291F0000F04BF01460020B1FA1E
:1003200081F308BF2033A3F10B03B3F120020CDAF1
:100330000C3208DD02F1140CC2F10C0201FA0CF0CF
:1003400021FA02F10CE002F11402D8BFC2F1200C34
:1003500001FA02F120FA0CFCDCBF41EA0C019040EA
:10036000E41AA2BF01EB0451294330BD6FEA040433
:100370001F3C1CDA0C340EDC04F11404C4F120021E
:1003800020FA04F001FA02F340EA030021FA04F330
:1003900045EA030130BDC4F10C04C4F1200220FA87
:1003A00002F001FA04F340EA0300294630BD21FAC5
:1003B00004F0294630BD94F0000F83F4801306BF8B
:1003C00081F480110134013D4EE77FEA645C18BF7F
:1003D0007FEA655C29D094EA050F08BF90EA020F16
:1003E00005D054EA000C04BF1946104630BD91EA0E
:1003F000030F1EBF0021002030BD5FEA545C05D111
:100400004000494128BF41F0004130BD14F580044F
:100410003CBF01F5801130BD01F0004545F0FE41C3
:1004200041F470014FF0000030BD7FEA645C1ABFF8
:10043000194610467FEA655C1CBF0B46024650EA2F
:10044000013406BF52EA033591EA030F41F400215B
:1004500030BD00BF90F0000F04BF0021704730B5E1
:100460004FF4806404F132044FF000054FF00001B6
:1004700050E700BF90F0000F04BF0021704730B577
:100480004FF4806404F1320410F0004548BF40424C
:100490004FF000013EE700BF42004FEAE2014FEAA1
:1004A00031014FEA02701FBF12F07F4393F07F4F7C
:1004B00081F06051704732F07F4208BF704793F07F
:1004C0007F4F04BF41F40021704730B54FF4607492
:1004D00001F0004521F000411CE700BF50EA010295
:1004E00008BF704730B54FF000050AE050EA01023E
:1004F00008BF704730B511F0004502D5404261EBAE
:1005000041014FF4806404F132045FEA915C3FF4EE
:10051000D8AE4FF003025FEADC0C18BF03325FEA8B
:10052000DC0C18BF033202EBDC02C2F1200300FA3C
:1005300003FC20FA02F001FA03FE40EA0E0021FA61
:1005400002F11444BDE600BF53B94AB9002908BFFF
:1005500000281CBF4FF0FF314FF0FF3000F00CB807
:10056000ADF1080C6DE904CE07F022F8DDF804E0E7
:10057000DDE9022304B07047704700BF10F8012B7B
:1005800011F8013B012A28BF9A42F7D0D01A7047D0
:10059000034613F8012B002AFBD1181A01387047C3
:1005A00001F0FF01102A2BDB10F0070F08D010F824
:1005B000013B013A8B422DD010F0070F42B3F6D128
:1005C000F0B441EA012141EA014122F007047FF041
:1005D00000070023F0E80256083C85EA010586EA98
:1005E000010685FA47F5A3FA87F586FA47F6A5FAD4
:1005F00087F68EB9EED1F0BC01F0FF0102F00702E0
:1006000032B110F8013B013A83EA010313B1F8D18A
:100610000020704701387047002D06BF354603386B
:10062000073815F0010F07D1013015F4807F02BFA4
:10063000013015F4C03F0130F0BC0138704700BFF5
:1006400070B54FF0FF0C4CF4E06C1CEA11541DBF68
:100650001CEA135594EA0C0F95EA0C0F00F0DEF833
:100660002C4481EA030621EA4C5123EA4C5350EA18
:10067000013518BF52EA033541F4801143F4801369
:1006800038D0A0FB02CE4FF00005E1FB02E506F0FA
:100690000042E0FB03E54FF00006E1FB03569CF04F
:1006A000000F18BF4EF0010EA4F1FF04B6F5007F55
:1006B00064F5407404D25FEA4E0E6D4146EB0606C7
:1006C00042EAC62141EA55514FEAC52040EA5E5050
:1006D0004FEACE2EB4F1FD0C88BFBCF5E06F1ED8FA
:1006E000BEF1004F08BF5FEA500E50F1000041EB31
:1006F000045170BD06F0004646EA010140EA0200DE
:1007000081EA0301B4EB5C04C2BFD4EB0C0541EAFF
:10071000045170BD41F480114FF0000E013C00F314
:10072000AB8014F1360FDEBF002001F0004170BD38
:10073000C4F10004203C35DA0C341BDC04F1140451
:10074000C4F1200500FA05F320FA04F001FA05F2DD
:1007500040EA020001F0004221F0004110EBD370AA
:1007600021FA04F642EB06015EEA430E08BF20EAD6
:10077000D37070BDC4F10C04C4F1200500FA04F379
:1007800020FA05F001FA04F240EA020001F000410B
:1007900010EBD37041F100015EEA430E08BF20EA7E
:1007A000D37070BDC4F1200500FA05F24EEA020EC6
:1007B00020FA04F301FA05F243EA020321FA04F0F5
:1007C00001F0004121FA04F220EA020000EBD370AC
:1007D0005EEA430E08BF20EAD37070BD94F0000FAC
:1007E0000FD101F00046400041EB010111F4801FE0
:1007F00008BF013CF7D041EA060195F0000F18BF91
:10080000704703F00046520043EB030313F4801FCC
:1008100008BF013DF7D043EA0603704794EA0C0F86
:100820000CEA135518BF95EA0C0F0CD050EA41069C
:1008300018BF52EA4306D1D181EA030101F0004119
:100840004FF0000070BD50EA410606BF1046194641
:1008500052EA430619D094EA0C0F02D150EA01364D
:1008600013D195EA0C0F05D152EA03361CBF10468E
:1008700019460AD181EA030101F0004141F0FE412D
:1008800041F470014FF0000070BD41F0FE4141F4B1
:10089000780170BD70B54FF0FF0C4CF4E06C1CEAB1
:1008A00011541DBF1CEA135594EA0C0F95EA0C0F66
:1008B00000F0A7F8A4EB050481EA030E52EA033521
:1008C0004FEA013100F088804FEA03334FF0805542
:1008D00045EA131343EA12634FEA022245EA11156F
:1008E00045EA10654FEA00260EF000419D4208BF20
:1008F000964244F1FD0404F5407402D25B084FEACD
:100900003202B61A65EB03055B084FEA32024FF478
:1009100080104FF4002CB6EB020E75EB030E22BFD5
:10092000B61A754640EA0C005B084FEA3202B6EB95
:10093000020E75EB030E22BFB61A754640EA5C0044
:100940005B084FEA3202B6EB020E75EB030E22BFD4
:10095000B61A754640EA9C005B084FEA3202B6EBD5
:10096000020E75EB030E22BFB61A754640EADC0094
:1009700055EA060E18D04FEA051545EA16754FEAF6
:1009800006164FEAC30343EA52734FEAC2025FEA14
:100990001C1CC0D111F4801F0BD141EA00014FF0A3
:1009A00000004FF0004CB6E711F4801F04BF014374
:1009B0000020B4F1FD0C88BFBCF5E06F3FF6AFAE90
:1009C000B5EB030C04BFB6EB020C5FEA500C50F120
:1009D000000041EB045170BD0EF0004E4EEA1131A3
:1009E00014EB5C04C2BFD4EB0C0541EA045170BDAA
:1009F00041F480114FF0000E013C90E645EA060EEE
:100A00008DE60CEA135594EA0C0F08BF95EA0C0F1B
:100A10003FF43BAF94EA0C0F0AD150EA01347FF463
:100A200034AF95EA0C0F7FF425AF104619462CE73A
:100A300095EA0C0F06D152EA03353FF4FDAE10469D
:100A4000194622E750EA410618BF52EA43067FF4EE
:100A5000C5AE50EA41047FF40DAF52EA43057FF47E
:100A6000EBAE12E74FF0FF3C06E000BF4FF0010C89
:100A700002E000BF4FF0010C4DF804CD4FEA410CED
:100A80007FEA6C5C4FEA430C18BF7FEA6C5C1BD0BA
:100A900001B050EA410C0CBF52EA430C91EA030F3B
:100AA00002BF90EA020F0020704710F1000F91EA98
:100AB000030F58BF994208BF90422CBFD8176FEA66
:100AC000E37040F0010070474FEA410C7FEA6C5C34
:100AD00002D150EA013C07D14FEA430C7FEA6C5C3B
:100AE000D6D152EA033CD3D05DF8040B704700BF67
:100AF0008446104662468C461946634600E000BFB5
:100B000001B5FFF7B7FF002848BF10F1000F01BD86
:100B10004DF808EDFFF7F4FF0CBF012000205DF851
:100B200008FB00BF4DF808EDFFF7EAFF34BF0120D6
:100B300000205DF808FB00BF4DF808EDFFF7E0FF6F
:100B400094BF012000205DF808FB00BF4DF808EDC0
:100B5000FFF7CEFF94BF012000205DF808FB00BF27
:100B60004DF808EDFFF7C4FF34BF012000205DF809
:100B700008FB00BF4FEA410C7FEA6C5C02D150EAEF
:100B8000013C0AD14FEA430C7FEA6C5C02D152EA85
:100B9000033C02D14FF0000070474FF00100704756
:100BA0004A0011D212F5001211D20DD56FF47873EC
:100BB000B3EB62520ED44FEAC12343F0004343EA41
:100BC000505323FA02F070474FF00000704750EA8C
:100BD000013002D14FF0FF3070474FF000007047F6
:100BE0004FEA4102B2F1E04324BFB3F5001CDCF14F
:100BF000FE5C0DD901F0004C4FEAC0024CEA507087
:100C0000B2F1004F40EB830008BF20F001007047B5
:100C100011F0804F21D113F13872BCBF01F00040B8
:100C2000704741F480114FEA5252C2F11802C2F1EA
:100C3000200C10FA0CF320FA02F018BF40F001006B
:100C40004FEAC1234FEAD32303FA0CFC40EA0C001D
:100C500023FA02F34FEA4303CCE77FEA625307D15A
:100C600050EA01331EBF4FF0FE4040F44000704791
:100C700001F0004040F0FE4040F40000704700BF2B
:100C80000348044B834202D0034B03B1184770471B
:100C9000E4010020E4010020000000000548064BAC
:100CA0001B1AD90F01EBA301491002D0034B03B16A
:100CB00018477047E4010020E40100200000000014
:100CC00010B5064C237843B9FFF7DAFF044B13B194
:100CD0000448AFF300800123237010BDE40100201D
:100CE00000000000F4BB000808B5054B1BB1054926
:100CF0000548AFF30080BDE80840FFF7CFBF00BF55
:100D000000000000E8010020F4BB0008DFF834D048
:100D10000D480E490E4A002302E0D458C450043353
:100D2000C4188C42F9D30B4A0B4C002301E013602A
:100D30000432A242FBD300F08BFD07F08DFE00F0E1
:100D400061F8FEE70000052000000020E40100201B
:100D5000E8C70008E40100200C9C0020FEE700002A
:100D600010B594B01022002102240AA807F0B2FDA9
:100D70001422002103A807F0ADFD204B012104201F
:100D80001A6C42F080521A641B6C03F0805301937A
:100D9000019B1B4B1A6842F440421A601B6803F423
:100DA00040430293029B4FF48033CDE908134FF484
:100DB0008003CDE90E43D823CDE9100308A8CDE97F
:100DC000124403F0ABFA08B172B6FEE703F06EFA14
:100DD00008B172B6FEE70F234FF4A0520590072129
:100DE00003A8CDE903344FF48053CDE9062303F083
:100DF0007DFC08B172B6FEE714B010BD00380240A9
:100E0000007000401FB500211022684607F062FD07
:100E100003F0C8F8012300226846ADF8003048F21C
:100E20001F73CDE9012340F20113039303F0D8F8B7
:100E3000042003F0C5F803F033F8FFF791FF00F04A
:100E40002DF800F0F9F900F015FA00F04FFA00F073
:100E50002FFA00F069FA00F085FA00F0A1FA0748CD
:100E600001F0A4F8064801F095F901F047FA06F000
:100E700059F800F0B5F906F06FF8FEE70C02002013
:100E80001C0300200268034B9A4201D103F014B8FE
:100E9000704700BF0010004072B6FEE7214B0021F2
:100EA0001A6B42F0800200B58BB01A631A6B06A869
:100EB00002F080020192019A1A6B42F002021A6358
:100EC0001A6B02F002020292029A1A6B42F00102BD
:100ED0001A631A6B02F001020392039A1A6B42F032
:100EE00008021A6310221B6B03F008030493049B8F
:100EF00007F0F0FC40F20B1305A90B480593012302
:100F0000079303F0E9F81022002106A807F0E2FC9D
:100F10004FF4806305A90448059303F0DDF80BB096
:100F20005DF804FB00380240000C024008B54FF4A5
:100F30007A7006F083F8FAE72DE9F04F4FF00009D8
:100F40004FF0010A914F85B0914D924C924E9349CA
:100F5000934887F800A085F8009084F8009086F800
:100F6000009002F069F9642006F068F88D4801F0FD
:100F700065FD5146484601F039F8804660B10523C9
:100F80003370E22385F8009087F8009023704FF4C7
:100F90007A7006F053F8FAE702F0A4FDCF2820702B
:100FA0000ED8814B86F800A085F800A087F8008055
:100FB00083F80080DFF80C82D8F8000018B9FEE74B
:100FC00087F80080F6E74FF0FF3201A905F00FF82F
:100FD0000128F1D12B7803F0FF022BB9724B3A7044
:100FE0001B78DBB22370E7E79DF80430A3F1090218
:100FF000032A7FD8DFE802F002160A5D9DED030A9E
:1010000002F008FCCF2820700ED91FE001F084F90F
:1010100006284AD8DFE800F0040449100C14160032
:1010200001232B70042323705F4B00221A7011E000
:1010300000232B70E22308E001232B70E62304E059
:101040000123F6E701232B70E723237002F078F9E0
:101050000028E9D19DF804300A2B40F08D804FF034
:10106000010B022043F698225946307087F800B0F1
:1010700000F0E6FF8146002840F0818001F008FD85
:101080000323824643F6982259465846337000F0AF
:10109000D7FF00286AD104231AF0FD0F337018BF60
:1010A000E223237001232B7066E001232B70E523DC
:1010B000CBE701F0DDFA01232B70092818D801A233
:1010C00052F820F02510000825100008ED10000847
:1010D00035100008F1100008351000083510000820
:1010E000AF1000083D100008F1100008E123ACE744
:1010F000E823AAE7023B062B05D8DFE803F032100D
:10110000151A1F242B009FED291A9FED290ADFEDE8
:10111000281A0298F0EE610A02F018F972E79FEDC2
:10112000231A9FED240AF2E79FED201A9FED220A71
:10113000EDE79DED030A9FED211AE8E79DED030A17
:10114000B1EE400AF7E79FED1E0ADDED037A30EEBF
:10115000670AF0E79FED1A0ADDED037A30EE670AC1
:10116000EEE79FED121A9FED160AD0E705233370C4
:10117000E223237085F8009000233B701CE70523D1
:101180003370E223237000238DE700BF04000020AA
:101190001106002010060020940600203C050020C7
:1011A000A40300202C040020320700200000C842C5
:1011B000000000000000B4420000B4C20000AA42D7
:1011C000000034432006002010B50446034800F018
:1011D000A7FB2046BDE8104000F050BC9402002060
:1011E00008B500F089FB0B4A00210B4805F0D4FE3E
:1011F0000A4B0B4A002118600A4805F0CDFE0A4B45
:101200000A4A002118600A4805F0C6FE094B18601A
:1012100008BD00BF20C100082D0F000808020020F3
:10122000FCC00008390F000804020020D8C00008E4
:10123000C91100080002002008B50C494FF4E13242
:101240000B4B08460B600023C1E901230C224B62C3
:10125000C1E90333C1E90523C1E9073304F06FFB9A
:1012600018B1BDE80840FFF717BE08BDB404002060
:101270000010014008B50C494FF4E1320B4B084611
:101280000B600023C1E901230C224B62C1E9033347
:10129000C1E90523C1E9073304F051FB18B1BDE8EA
:1012A0000840FFF7F9BD08BD2C04002000140140E0
:1012B00008B50C494FF416520B4B08460B6000233F
:1012C000C1E901230C224B62C1E90333C1E90523C3
:1012D000C1E9073304F033FB18B1BDE80840FFF75C
:1012E000DBBD08BD3C0500200044004008B50C49AA
:1012F0004FF4E1320B4B08460B600023C1E9012398
:101300000C224B62C1E90333C1E90523C1E907336C
:1013100004F015FB18B1BDE80840FFF7BDBD08BDDE
:10132000A40300200048004008B50C494FF4E13206
:101330000B4B08460B600023C1E901230C224B62D2
:10134000C1E90333C1E90523C1E9073304F0F7FA22
:1013500018B1BDE80840FFF79FBD08BD1C03002081
:10136000004C004008B50C494FF4E1320B4B0846E5
:101370000B600023C1E901230C224B62C1E9033356
:10138000C1E90523C1E9073304F0D9FA18B1BDE872
:101390000840FFF781BD08BD9402002000500040C6
:1013A00008B50C494FF416520B4B08460B6000234E
:1013B000C1E901230C224B62C1E90333C1E90523D2
:1013C000C1E9073304F0BBFA18B1BDE80840FFF7E4
:1013D00063BD08BD0C0200200078004030B5D7B0D6
:1013E0000446142200210FA807F074FA8422002179
:1013F00014A807F06FFA2368A14A93422BD1402327
:1014000014A8149303F04EFA08B1FFF745FD9D4B65
:101410004FF4C06100205A6C42F010025A645A6CBA
:1014200002F010020192019A1A6B42F001021A6353
:101430001B6B03F001030293029B0223CDE90F1300
:1014400003230FA9CDE9110307238F48139302F05B
:1014500043FE57B030BD8D4A934229D14FF400630B
:1014600014A8149303F01EFA08B1FFF715FD854B7D
:101470004FF0C00E0FA986485A6C42F020025A6401
:101480005A6C02F020020392039A1A6B42F0040293
:101490001A6300221B6B03F004030493049B0223D2
:1014A000CDE90FE30323CDE9112308231393CEE7FE
:1014B000784A934232D1802314A8149303F0F2F9AE
:1014C00008B1FFF7E9FC6F4B4FF0600C00240FA947
:1014D0001A6C714842F400321A641A6C02F4003239
:1014E0000592059A1A6B42F008021A631B6B03F00F
:1014F00008030693069B0223CDE90FC30323CDE91E
:1015000011430723139302F0E7FD2620224605210D
:1015100002F008FD262002F037FD9AE75F4A934269
:1015200029D14FF4807314A8149303F0BBF908B1C8
:10153000FFF7B2FC534B4FF4406400250FA91A6C1F
:10154000574842F480221A641A6C02F480220792EF
:10155000079A1A6B42F002021A631B6B03F0020334
:101560003593359B0223CDE90F430323CDE9115376
:10157000072313936BE74B4A934236D18022002115
:1015800036A807F0A7F94FF4007335A8359303F098
:1015900089F908B1FFF780FC3A4B4FF44060002412
:1015A0000FA91A6C42F400221A641A6C02F4002289
:1015B0000892089A1A6B42F004021A631B6B03F03C
:1015C00004030993099B0223CDE90F030323304849
:1015D000CDE911430823139302F07EFD3420224607
:1015E000062102F09FFC342095E72F4A93425DD1FB
:1015F0008022002136A807F06DF94FF4806335A8EA
:10160000359303F04FF908B1FFF746FC1D4B4FF43B
:101610008051002408251A6C1D4842F480121A6477
:101620001A6C02F480120A920A9A1A6B42F00402AF
:101630001A631A6B02F004020B920B9A1A6B42F0B7
:1016400008021A631B6B139503F008030C930C9BA1
:101650000223CDE90F1303230FA9CDE9114302F0B3
:101660003BFD04230FA90C480F93139502F034FDA2
:1016700035202246062102F055FC35204BE700BFFD
:1016800000100140003802400000024000140140F8
:101690000008024000440040000C024000480040A6
:1016A00000040240004C0040005000401D4A93429C
:1016B0007FF4CFAE8022002136A807F00BF94FF45B
:1016C000805335A8359303F0EDF808B1FFF7E4FB3C
:1016D000154B00240FA915481A6C42F080421A6479
:1016E0001A6C02F080420D920D9A1A6B42F01002B1
:1016F0001A634FF4C0721B6B03F010030E930E9B22
:101700000223CDE90F230323CDE9114308231393CB
:1017100002F0E2FC52202246052102F003FC522096
:10172000F9E600BF00780040003802400010024097
:10173000FEE7FEE7FEE7FEE7FEE77047014803F03D
:10174000DBBC00BF3C050020014803F0D5BC00BF56
:101750001C030020014803F0CFBC00BF940200200E
:10176000014803F0C9BC00BF0C020020014803F08F
:1017700069BB00BFC40500200D4B82B00F216FF084
:1017800001001A6C42F080521A641A6C02F0805206
:101790000092009A5A6C42F480425A6400225B6CB8
:1017A00003F480430193019B02B002F0BBBB00BF76
:1017B00000380240214B1A6C42F0100230B589B05B
:1017C0001A641B6C054601A903A803F010030293D9
:1017D000029B03F049F8069B4BBB03F025F8184A1F
:1017E000184B136040F2E733D360174BB0FBF3F3B1
:1017F000013B10465360002313619360936103F033
:1018000015FC044680B90E4803F0DAFA044658B9CC
:10181000362002F0B9FB0F2D0DD82246294636207E
:1018200002F080FB094B1D60204609B030BD02F07C
:10183000FBFF4000D3E70124F6E700BF0038024079
:10184000C40500200010004040420F00140000209A
:10185000034AD2F8883043F47003C2F888307047E6
:1018600000ED00E070B5044630B3164B1B781BB397
:10187000154D2B7803BB154E3068E8B104F05CFCC5
:10188000D0B923780A3B012B12D9114B1A78012ABF
:1018900014D101F04BFD0123214630682B70002349
:1018A0001A4604F086FA012807D000232B7003E0C3
:1018B00001F03CF90028E8D1002070BD1B78042B12
:1018C000FAD1E6E7110600200400002020060020DF
:1018D00094060020074B70B51D6804464DB1FEF715
:1018E00057FE214682B264232846BDE8704003F0CB
:1018F000A6BF70BD9006002008B50022612104201B
:1019000004F02EFA044B00220C211860042004F08D
:1019100027FA024B186008BD24060020200600208C
:10192000064A0749106000220A8006490A700649E3
:101930000A7010B1012204F08DB8704790060020A3
:101940002A060020280600208C0600202DE9F04100
:1019500000239AB0304E00933368002B3FD083426F
:101960003DD12E4A2E4D13682C78013313602D4B38
:101970001F780D2F01D00A2F3CD12B4FB7F80080D4
:10198000B8F1000F00D1A4B1602200210DF10500D3
:1019900006F0A0FF424625490DF105008DF80440F0
:1019A00007F081F8224B1868E0B9224A1368013326
:1019B000136000231D4A3B802B70137001221949CC
:1019C000306804F047F8009B4BB14FF0E0234FF034
:1019D0008052C3F8042DBFF34F8FBFF36F8F1AB03F
:1019E000BDE8F08100236A4601A904F09CFA0128B1
:1019F000DBD1DEE7002CE1D10B490C4A08885E28D8
:101A000005D8431C17549BB20B80D454D6E701234E
:101A10000C8014702B70D1E7900600201C0600206B
:101A2000280600208C0600202A0600202C06002014
:101A300024060020140600200C4B1B6810B48BB148
:101A400083420FD100220A4908240A8009490A70FA
:101A500019680C62C3F88420012207495DF8044B21
:101A600003F0F8BF5DF8044B704700BF90060020FC
:101A70002A060020280600208C0600202DE9804838
:101A8000DFF8C8A2ADF5057DDFF8C4B21BACDBF80A
:101A9000000000B9FEE74FF0FF32214604F0A7FA3C
:101AA0000128F4D125783DB1834A84481368013375
:101AB0001360FFF70FFFE9E781490DF16D0006F0B4
:101AC00023FF04460028E1D07E4A7F491368013392
:101AD0001360FEF753FDD0B9794906F015FF0446AF
:101AE00028B1754A7948136801331360E1E7784DEE
:101AF00001F016FC286840B104F01EFB28B1214615
:101B0000286804F08CF8734B1C707348D1E7734954
:101B10002046FEF733FD00286ED1694906F0F4FE39
:101B20000028DED16B4B1B78002B5DD06C4B6D4CCD
:101B30001A786D4B072A08BF1C464FF4FA706B4D9C
:101B400002F042F96A4B002818BF1D4602F07EF9E8
:101B500010EE100AFEF7A0FC664BCDE912011868E2
:101B6000FEF79AFC644BCDE914011868FEF794FC6B
:101B7000624BCDE916011868FEF78EFC604B0646F5
:101B80000F461868FEF788FC5E4B5F4A80461B785C
:101B900089461078DBB2199300F07CFC5B4A5C4903
:101BA0005C4B127809781B7800959DED167BCDE98A
:101BB0000F13199B4FF4A0718DED067B9DED147BE7
:101BC000CDE90D020C9334A82346534A8DED047BD6
:101BD0009DED127BCDE90A89CDE908678DED027B89
:101BE00006F0FEFD34A864E7464B4C4C1A784C4B8B
:101BF000CF2A88BF1C46A0E74A492046FEF7BEFC14
:101C000038B92F4906F080FE00287FF46AAF4648B5
:101C10004FE746492046FEF7B1FCF0B9284906F0E7
:101C200073FE00287FF45DAF9AF80030012B05D0D9
:101C30009AF80030042B01D03D483AE70A2334A833
:101C40008DF8D0300023359300233693FFF70AFE3A
:101C500008B938482DE738482BE738492046FEF7C1
:101C60008DFC28B136492046FEF788FC002871D14A
:101C70001349002006F048FE054600287FF431AFE6
:101C800020462E49FEF77AFC002834AC359514BF67
:101C90000C230B2320468DF8D03000233693FFF71A
:101CA000E1FD0028D5D09DF8D000264B264A0B2810
:101CB00008BF1A461046FCE61406002075BC000852
:101CC00089BC0008180600208CBC000891BC0008E4
:101CD00020060020040000209EBC0008A8BC0008CC
:101CE0003207002041BC000838BC00085BBC00087B
:101CF00054BC00082C07002028070020F80600200C
:101D0000F406002010060020BE060020BC060020BD
:101D1000C606002031070020AFBC00084FBC0008F9
:101D200049BC000846BD00084BBD00082CBE000899
:101D300031BE000846BE000851BE00085BBE000868
:101D400060BE000863BC00086DBC0008940600205B
:101D5000240600207C492046FEF710FC0646002899
:101D600046D10923794934AD2B7006F0CDFD0446E8
:101D70007649304606F0C8FD064654B348B31AAF5C
:101D8000394606F08DFB1A9BB0EE408A9E4220D069
:101D90001B78F3B9B5EEC00AF1EE10FA19DDDFEDEC
:101DA0006C7AB4EEE70AF1EE10FA12D869492046CF
:101DB000FEF7E4FB30B168492046FEF7DFFB40B98F
:101DC000B1EE488A6149002085ED028A06F09CFD4B
:101DD00028B1624A624813680133136069E668609B
:101DE0002846FFF73FFD00283FF433AF5D4860E62B
:101DF0005649002006F088FD5B4906462046FEF75E
:101E0000BDFB00282CD059492046FEF7B7FB00281F
:101E100068D057492046FEF7B1FB002864D05549E9
:101E20002046FEF7ABFB002860D053492046FEF762
:101E3000A5FB00285CD051492046FEF79FFB0028F7
:101E400058D04F492046FEF799FB002854D04D4901
:101E50002046FEF793FB00287FF443AE082300E002
:101E6000012334AC2370002E3FF43BAE3378002BBB
:101E70003FF437AE721E12F8013F002B3ED1002D09
:101E80003FF42FAE1AAD0A222B603046294606F0E9
:101E9000D9FB2B681F78002F7FF423AE421E42F23D
:101EA0000F739A423FF61DAE002360602749384603
:101EB000A36006F029FD23780646053B032B22D9B3
:101EC00000287FF40EAE2149002006F01DFD0028F9
:101ED0007FF407AE2046FFF7C5FC00283FF4B9AEFB
:101EE0002948E6E50223BCE70323BAE70423B8E761
:101EF0000523B6E70623B4E70723B2E7303B012505
:101F0000092BB8D9EDE500283FF463AF29462F60CF
:101F100006F0C6FA2B689E423FF45BAF1B78002B9D
:101F20007FF457AFB5EEC00AF1EE10FA7FF751AF6C
:101F3000DFED167AB4EEE70AF1EE10FA3FF649AF9C
:101F400084ED020ABFE700BF63BE000889BC000839
:101F50000000B44367BE000868BE000814060020F5
:101F60006BBE000877BE0008C4C000082FBE000882
:101F70005EBE000887BE000880BE000883BE000861
:101F800086BE000889BE00088CBE00080000B4426E
:101F90000023034A1370034A1370034A13707047F7
:101FA0009706002096060020950600200A4BFF2287
:101FB00010B51860094B0A4C1A70022300222370D6
:101FC000084B1A70FFF7E4FF28B10122064903F01D
:101FD00041FD00B9207010BDA406002006000020BD
:101FE0000500002094060020A006002037B5104A06
:101FF0000346104C106828B9012323702078C0B222
:1020000003B030BD0C4AFF258DF80510090A157084
:102010000A4A8DF804306423009207228DF80610D6
:10202000694603F00CFC08B10223E6E72070E5E7FF
:10203000A4060020050000200600002055550506D6
:10204000F8B5134B064614461B6803B11AB9114B79
:1020500001221A7003E0FFF7C9FF18B10D4B187881
:10206000C0B2F8BD01F034FF0B4F054601F030FF60
:10207000431BA34202D3074B0322EAE73B78B34258
:1020800002D1044B0022E4E70A2004F0D7FFEDE779
:10209000A40600200500002006000020224A034676
:1020A000106810B500283DD098423BD11F4A204B04
:1020B00011781B78032932D8DFE801F0020C121CDA
:1020C000552B01D10123137001221949BDE810409D
:1020D00003F0C0BC552B01D10223F4E70023F2E743
:1020E000991E07291BD813490B700021124B197038
:1020F0000323E8E710490C78621CD2B20A700F493A
:102100000B550C4B1C78631EDBB29A42DCD3052CBA
:1021100005D10B78082B02D14A78094B1A70FFF7CA
:1021200037FFD1E710BD00BFA406002095060020B0
:10213000A0060020970600209606002098060020A2
:10214000060000200A4A116808B579B181420DD114
:10215000FFF71EFF0B6808221A6200230122C1F854
:1021600084300449BDE8084003F074BC08BD00BFDA
:10217000A4060020A00600200023034A1370034A8F
:102180001370034A13707047AB060020AA060020A4
:10219000AC06002008B5094B094A186000231370EB
:1021A000084A1370084A1370FFF7E6FF28B10122AE
:1021B0000349BDE8084003F04DBC08BDB806002047
:1021C000B4060020A9060020A8060020114A0346F4
:1021D00013B51068D0B1012B16D0022B16D13223C3
:1021E0000D4A0DF107018DF8073000230B4C1370D9
:1021F0002370FFF7C1FF6423012203F020FB38B9ED
:102200000123237002B010BD3123E9E70120F9E773
:102210000220F7E7B8060020A9060020A806002043
:10222000EFF3108272B6044B002118781970C0B217
:1022300002B962B6704700BFA90600201B4A38B534
:1022400003461068002830D098422ED1184B1C78D5
:102250000D2C14D0174B0A2C1A7816D16AB9164BCC
:102260001978012909D1154B1B78312B05D1144B55
:102270001C7814B1134C21701A70FFF77DFF0122F6
:102280000B49BDE8384003F0E5BB002AF7D10A4D01
:102290002978062995BF4B1C0122DBB21A709FBF1B
:1022A0002B70064D6C54EA54E9E738BDB80600209F
:1022B000B4060020AA060020AB060020AC060020D1
:1022C000A8060020A90600200A4A116808B579B1BD
:1022D00081420DD1FFF750FF0B6808221A620023DC
:1022E0000122C1F884300449BDE8084003F0B2BBC4
:1022F00008BD00BFB8060020B40600200023034A32
:102300001370034A1370034A13707047BE0600200F
:10231000BD060020BC0600202DE9F74F0023584AD7
:10232000584C594D2370137000F00CFC431E009064
:10233000DBB2052B03D908232B70052311E00126FE
:102340002E7000F0C5F8B04207D107232B70207023
:102350002078C0B203B0BDE8F08F20B108232B7005
:1023600006232370F4E74FF00408484F032343F695
:1023700098223146304685F800803B70FFF760FEBA
:1023800030B108232B70052384F800803B70DFE711
:10239000DFF8FC9099F800301BB107232B702670F2
:1023A000D6E74FF0020A364B01201E7085F800A0D8
:1023B000FFF70CFF20B108232B7084F800A0C7E7BB
:1023C00001F086FD804601F083FD42F20F73A0EB21
:1023D0000800984206D9062303202B7001232070A1
:1023E0003B70B7E799F80030002B43D1FFF718FF97
:1023F00018B9012004F022FEE5E74FF0030B43F685
:1024000098220121022085F800B04FF0040887F8D7
:1024100000A0FFF715FE0028B3D100F039FB012121
:10242000019043F69822084685F8008087F800B0AE
:10243000FFF706FE019B0028A3D113F0FD0F87F8DC
:1024400000807FF478AF022B03D107232B70012388
:1024500087E799F8003003F0FF02002BF5D1013631
:10246000009BF6B2B3429ED205232B70227087F8F0
:1024700000806DE7012007232B702070387069E71A
:10248000BC060020BD060020BE06002094060020E9
:102490003107002008289ABF024B53F82000024859
:1024A000704700BF5CC1000891BE00089FED071A8D
:1024B00010B5F0EE410AB0EE410A00F0A7FE044666
:1024C00008B100F0F9FB204610BD00BF000000007D
:1024D0002DE9F04F2DED028B83B001F0F9FC804621
:1024E0004FF4FA7001F070FC40B90424FFF7DEFFEE
:1024F000204603B0BDEC028BBDE8F08F0024DFF86E
:10250000E090DFED358A00F085FE274601F0E0FC23
:102510004FF480710546314801F0C2FE0121834627
:102520002E4801F0BDFE022182462C4801F0B8FE83
:1025300008210646294801F0B3FE99F800202AB187
:10254000FFF7B4FF00283DD10124D1E7A5EB080136
:1025500041F28732914203D90224FFF7A7FFC7E770
:1025600001904FF4FA7001F02FFC0028BDD0BBF1B0
:10257000000F29D046EA0A06019BF6B26EB91BB3DA
:10258000002C08BF2F46FFF791FF0446D0B9ED1B82
:10259000312D1CD900F03EFEAAE7B3EE098A002BCC
:1025A000FBEE097A08FE278AB3EE090A00F0D2FD95
:1025B000F0EE480AB0EE401AB0EE680A00F026FECF
:1025C000044628B1032493E7B3EE098AECE701241B
:1025D000142004F033FD99E700000000000C0240D5
:1025E00031070020024B1878003818BF01207047CF
:1025F000310700209FED071A10B5F0EE410AB0EE4A
:10260000410A00F003FE044608B100F055FB2046E5
:1026100010BD00BF000000000A4B10B51B7803F08E
:10262000FF0423B10124FFF7E5FF204610BD4FF45E
:10263000FA7001F0C9FB0028F7D10224FFF7DAFF96
:10264000F3E700BF3107002010B501F041FC04465C
:1026500001F03EFC031B4F2B01D9002010BDFFF7FA
:10266000DBFF0028FAD1142004F0E8FCF0E70000BA
:102670002DE9F0474FF4FA702DED048B01F0A4FB27
:1026800038B90224FFF7B6FF2046BDEC048BBDE845
:10269000F087002600F0BEFD41F2873901F018FCFA
:1026A000B04607469FED818A01F012FC0546FFF710
:1026B000B3FF044628B9EB1B4B4505D90424FFF7AB
:1026C00099FFFFF797FFDFE74FF48061784801F04B
:1026D000E7FD28B9AEB1A5EB08051D2D19D8344684
:1026E000B3EE090A00F036FDFBEE090AB0EE401A1F
:1026F000B0EE480A00F08AFD30B10324FFF77AFFFC
:10270000DFE7A8460124EBE71420264604F096FCF8
:10271000CAE7FFF76FFF08B10324B5E7FFF794FF9F
:1027200004460028B0D10320624F01213870FFF722
:102730005DFC044610B105243C70A5E701F0C8FB20
:10274000DFF88081054601F0C3FB431BB3F57A7FB8
:1027500032D304233B70002C96D1DFF870A10724FC
:1027600000F058FD01F0B4FB804601208AF80040DB
:10277000FFF72CFD0546002886D101F067FBB0EE7F
:10278000408ADFED4D8A9FED4D9AB4EEE88AF1EE76
:1027900010FA66DDFFF740FF044600287FF474AFAF
:1027A00001F096FB43F69723A0EB080098420CD962
:1027B0000924FFF71FFF67E798F800301BB91420C2
:1027C00004F03CFCBFE73446C3E701F03FFB032DB8
:1027D000B0EE408A40D8FFF723FD00283CD001F03E
:1027E00077FB8146FFF706FF80BBFFF72DFF04460E
:1027F00050B9022344F62062012104203B70FFF708
:102800001FFC58B105243C7001F062FB002C7FF4E2
:102810003BAFA8EB090909EB0008B6E7284800F030
:10282000E3F8042816D098B9042301353B70EDB2C3
:10283000244B1B7803F0FF0463B9042DE4D001207E
:10284000FFF7C4FC041E18BF0724DDE70324DBE701
:102850000624D9E73446D7E7B4EEE88AF1EE10FA59
:1028600011D8FFF7C7FE00287FF456AFFFF7ECFE44
:10287000044600287FF408AF042D14D100F0CAFCF0
:102880008AF8005000E7B0EE491ADFED080A9FED24
:102890000E0A00F0BBFC10B1FFF7ACFE3CE71420C1
:1028A00004F0CCFB71E70824EEE600BF0000000056
:1028B000000C0240940600200000B4C3000044C293
:1028C000E52500083107002000007842320700208B
:1028D00038B5094D094C30B903232B7001232370FF
:1028E0002078C0B238BD00F059FA054B4FF452724F
:1028F0001A6000232B70F2E7C406002007000020B6
:10290000C006002008B500F05BFA0038064B18BF7F
:102910000120400018701A78002A044A14BF0321CD
:1029200001211170187808BD07000020C40600209E
:1029300038B50E4D0E4C2B78012B04D0012323709B
:102940002078C0B238BD00224FF4A0636421104645
:1029500000F06AFA003818BF012040002070237888
:1029600013B902232B70EBE70323FBE7C406002017
:10297000070000202DE9F843184D04462B78022B60
:1029800006D0174B01221A701878C0B2BDE8F88340
:1029900001F09EFADFF84C80074640F2DB5901F067
:1029A00097FAC61B3CB1A04728B100F023FA0422D5
:1029B0000B4B2A70E7E7D8F800309E4204D301237E
:1029C00000222B70064BDEE74E4503D900F012FAC9
:1029D0000322EDE70A2004F031FBE0E7C406002003
:1029E00007000020C006002010B50446FFF7A0FF36
:1029F00020B92046BDE81040FFF7BCBF10BD000065
:102A000008B500F0F7F90038064B18BF0120400068
:102A100018701A78002A044A14BF0321012111708A
:102A2000187808BD07000020C4060020024B187863
:102A3000003818BF012070473107002038B5114A0F
:102A40000023114C1370114D237003232B70FFF7DB
:102A50003FFF10B9FFF756FF28B104280BD0032819
:102A60000CBF0520042028702B7833B10523237078
:102A70002878C0B238BD0220F5E7C82004F0DEFA9D
:102A80000123F4E7C6060020C50600200800002048
:102A9000F8B5224D224C2B78012B0BD02B78032B31
:102AA00008D02B78042B14BF032301232370207834
:102AB000C0B2F8BD1B4E3378052B03D904232B700D
:102AC0000123F3E7FFF7B2FF18B106232B700223AF
:102AD000ECE7022714482F70FFF786FF28B104287F
:102AE00011D003280CBF052004202070237863B97F
:102AF00033780133DBB233703378052B94BF032373
:102B000004232B70D3E73846EFE72378022B01D15B
:102B10000623F6E7FFF774FF0523F2E7C50600205A
:102B200008000020C60600202D2A0008044B1A7851
:102B3000012AD0B203D01878C31E584258417047BA
:102B4000C5060020054B1A78052A04D81878C0F16C
:102B50000600C0B270470020704700BFC6060020C4
:102B600038B50C4B04460A460B4D186818B90124B9
:102B70002C70204638BD2146642302F060FE0446D6
:102B8000287018B9054A136801331360022001F058
:102B9000A5F9EEE7CC060020C7060020C8060020F5
:102BA000F32307B58DF8013040F2AB1306218DF801
:102BB0000000ADF8023046F601336846ADF8043047
:102BC000FFF7CEFF03B05DF804FB000007B504215A
:102BD000044B0DEB01000193FFF7C2FF03B05DF85A
:102BE00004FB00BF00FF666BFE2307B58DF80130C4
:102BF0004FF4CC7305218DF80000ADF802306B2343
:102C000068468DF80430FFF7ABFF03B05DF804FBB6
:102C100093B2002AB8BF5B4207B5B8BF9BB240F27F
:102C2000DC52B8BF81F001018DF800009342684684
:102C30008DF802104FF0080128BF1346F6228DF8D8
:102C400004308DF801201A0A00238DF803208DF836
:102C5000053046F60133ADF80630FFF781FF03B0CB
:102C60005DF804FB034B044A186000231360034A19
:102C700013707047CC060020C8060020C70600204D
:102C8000F8B50120FFF78CFF06460220FFF788FF0A
:102C900007460320FFF784FF3E4305460420FFF765
:102CA0007FFF04463543FFF791FF2C432043C0B21A
:102CB000003818BF0120F8BDF8B50120FFF794FFD8
:102CC00006460220FFF790FF07460320FFF78CFF20
:102CD0003E4305460420FFF787FF04463543FFF7D0
:102CE00075FF2C432043C0B2003818BF0120F8BD47
:102CF00010B50446F8B10121B0F900200846FFF7ED
:102D000087FF0146B8B9B4F902200220FFF780FF1F
:102D100088B90121B4F904200320FFF779FF0146A7
:102D200048B9B4F906200420FFF772FF18B9BDE8CE
:102D30001040FFF74BBF012010BD000038B50D4B10
:102D400004460A460C4D186818B901242C70204618
:102D500038BD2146642302F072FD04462870002825
:102D6000F5D1064A022013680133136001F0B6F86A
:102D7000EDE700BFD406002009000020D0060020A7
:102D800007B50421044B0DEB01000193FFF7D6FFBB
:102D900003B05DF804FB00BF00FF666B054B00222B
:102DA0001860B0FA80F0044B40091A60034B1870A9
:102DB000704700BFD4060020D00600200900002084
:102DC0000A4B07B5186806219B8800906846ADF845
:102DD0000430FFF7B3FF28B1054B1878C0B203B039
:102DE0005DF804FBFFF7CCFFF9E700BFFABE00086F
:102DF0000900002007B50A4A0521106812790090E1
:102E000068468DF80420FFF799FF28B1054B187824
:102E1000C0B203B05DF804FBFFF7B2FFF9E700BFF3
:102E200001BF00080900002001281FB501D801B129
:102E30002BB91A4B012201201A7004B010BD0A24CC
:102E40006143B1F5803FF4D28DF805201A0E8DF85C
:102E50000200080A8DF806201A0C5BBA4FF60554DA
:102E60008DF803006846ADF808304FF480738DF894
:102E700004100D21ADF80A306B23ADF800408DF839
:102E800007208DF80C30FFF759FF18B1034B187865
:102E9000C0B2D2E7FFF774FFCFE700BF0900002000
:102EA00098B170EE607A30EE200A37EEC17A77EE94
:102EB000817A80ED007A30EE017A30EE410AC0ED81
:102EC000037A80ED017A80ED020A7047F0EE404A05
:102ED000002861D0B5EEC00AF1EE10FA5CD990ED91
:102EE000006AD0ED016AB5EEC06AF1EE10FAF5EEB7
:102EF000C06A4CBFB1EE467AB0EE467AF1EE10FAF7
:102F00004CBFF1EE667AF0EE667AB4EEE77AF1EE57
:102F100010FA54BFF0EE475AF0EE675A90ED027A7D
:102F2000B5EEC07AF1EE10FA4CBFF1EE477AF0EE52
:102F3000477AF4EEE75AF1EE10FA54BFB0EE655A54
:102F4000B0EE675AD0ED037AF5EEC07AF1EE10FAE2
:102F50004CBFF1EE675AF0EE675AB4EEE55AF1EE67
:102F600010FA58BFF0EE455AB4EEE50AF1EE10FA49
:102F700012D584EEA50A26EE006A66EE806A27EE78
:102F8000007A67EE807A80ED006AC0ED016A80ED1C
:102F9000027AC0ED037A7047B7EE000A704700006E
:102FA00010B586B0044602A8FFF77AFF9FED360AF7
:102FB00002A8002C65D0FFF789FF84ED000AB2EE6D
:102FC000045A9DED026A314BF6EE005ADDED036ABC
:102FD000684683ED006A26EE056A2D4B9DED047A66
:102FE000B5EEC06AC3ED006A66EE856A294BDDED79
:102FF000057AF1EE10FA83ED007AF5EEC06A264B01
:1030000027EE057AA8BF36EE256AC3ED007AB8BF71
:1030100036EE656A67EE857AF1EE10FAB5EEC07AA3
:10302000BDEEC66AACBF76EEA56A76EEE56AF1EE55
:1030300010FA16EE103AF5EEC07AFDEEE66AADF83B
:103040000030ACBF37EE257A37EE657AF1EE10FA34
:1030500016EE903ABDEEC77AADF80230ACBF77EE0F
:10306000A57A77EEE57A17EE103AFDEEE77AADF83D
:10307000043017EE903AADF80630FFF739FE06B08F
:1030800010BDFFF723FF9AE7000016430807002052
:103090000407002000070020FC060020144B10B598
:1030A0002DED028B1A7802F0FF0092B19FED118A8C
:1030B0000020114CB0EE481A1870F0EE480AB0EE3D
:1030C000480AFFF76DFF38B1FFF7F6FDE223022053
:1030D0002370BDEC028B10BD084B01201870042337
:1030E0002370074B83ED008A064B83ED008AF0E7DF
:1030F00031070020000000003207002030070020C8
:10310000100700200C07002010B52DED028B9FED5D
:103110000D8A04460020B0EE481AF0EE480AB0EEE0
:10312000480AFFF73DFFFFF7C7FD074B074A1C7032
:1031300082ED008A064A82ED008A1878BDEC028B87
:1031400010BD00BF00000000320700201007002063
:103150000C07002008B52DED028BB0EE408A00F080
:1031600075FEF1EE407A9FED246AB5EE007A234BAE
:10317000B5EEC08AD3ED006AF1EE10FAB5EEC00AE2
:1031800048BFB1EE488AF1EE10FA28EE078A9FEDAB
:103190001C7A30FE270AB4EE460AF1EE10FA98BF08
:1031A000F0EE477A77EEE66AC3ED007A37EEA77A5B
:1031B00006EE867AF2EE006AB4EEE68AF1EE10FAD6
:1031C00054BFB0EE660AB0EE480AB4EEC07AF1EE33
:1031D00010FA07DCB1EE400AB4EEC70AF1EE10FABD
:1031E00030FE070A074BC3ED007A074BBDEC028B9C
:1031F00083ED000A08BD00BF9A99193ED806002049
:10320000000000002C070020280700200020FFF706
:10321000C7BE000008B500F001FE0023034A13609A
:10322000034A1360034A136008BD00BFD80600209C
:103230002C0700202807002010B50C46FFF712FDD0
:10324000204600F07DFC00231B4A4FF07E501B49B6
:1032500013601B4A13601B4A136000220A701A494C
:103260000A601A490B601A490B601A490B601A4927
:103270000B601A490B601A490B601A490B601A4916
:103280000B601A490B601A4908601A490B601A4909
:103290000B601A490B601A490B601A490B601A49F6
:1032A0000B601A4B1A701A4B1A601A4B1A701A4B91
:1032B0001A701A4B1A7010BDD8060020240700207F
:1032C0002C07002028070020200700201C070020D2
:1032D0001807002014070020100700200C0700200A
:1032E000080700200407002000070020FC0600203B
:1032F0000C000020F8060020F4060020F006002054
:10330000EC060020E8060020E4060020E00600208D
:10331000DC060020320700203107002030070020A3
:10332000014B01221A707047310700200023024A26
:103330001370024A137070473107002030070020D5
:10334000014B1878704700BF30070020DFEDC87AC6
:10335000B4EEE70A2DE9F04FF1EE10FAC54C2DED71
:103360000E8BF0EE609A85B0B0EE418A0AEE100A3C
:10337000F0EE618A29DBDFEDC0EAB4EEEE0AF1EE91
:1033800010FA22D89FEDBDEA20EE0E0AC0EE2EAA5A
:10339000B0EE6A0A07F03AFCB0EE409AB0EE6A0A64
:1033A00007F06CFCF8EE4A7A20EE27BA29EE279A4D
:1033B0002BEE0B0A09EE090A07F006FCB5EEC00A6F
:1033C000B0EE40AAF1EE10FA08D8E323237020787B
:1033D000C0B205B0BDEC0E8BBDE8F08FC9EE00BAEF
:1033E0009FEDA7DACBEE00AAF5EEC0BAF1EE10FA27
:1033F0004CBFF1EE6B7AF0EE6B7AF4EECD7AF1EE33
:1034000010FA40F32381F5EEC0AAF1EE10FA4CBF9A
:10341000F1EE6A7AF0EE6A7AF4EECD7AF1EE10FA15
:10342000CCBF06230523B5EEC0AA4FF07E5A9FED10
:1034300095CACDF808A0F1EE10FAC6DD6AEEAA7AB8
:103440004BEEAB7AF4EECD7AF1EE10FABDD9F4EE94
:10345000CC9AF1EE10FAB8DBB4EECC8AF1EE10FAA9
:10346000B3DDF4EECC8AF1EE10FAAEDBF4EEC89ADE
:10347000F1EE10FAA9DCB4EEE88AF1EE10FAA4D469
:10348000F4EEC89ADFED806AB6EE006ADFED7FCA1F
:1034900038EE289AF1EE10FAB4EEE88A29EE069A90
:1034A00054BFF0EE4CDAF0EE66DA79EE887AF1EE9F
:1034B00010FA29EE2C9A67EE867A36FE8CBA29EE3F
:1034C0000B9A67EEAC7AB0EE497A07EEAD7AB4EEBD
:1034D000C7AAF1EE10FA3DD57DEE8B5AF5EEC05A33
:1034E000F1EE10FA36DD7AEE0A7A87EEAC7A09EE62
:1034F000ED7A08EECB7AC7EE257AF4EEE79AF1EE94
:1035000010FA79FEA77AF4EEE78AF1EE10FA78FE67
:10351000A77AB4EEE78AF1EE10FA58BFB0EE678AE8
:10352000F4EEC89A38EE889AF1EE10FAF4EEC88AF2
:1035300029EE069A54BFF0EE4CDAF0EE66DAF1EEC0
:1035400010FA29EE2C9A54BFB0EE4CBAB0EE66BA1F
:1035500029EE0B9AF0EE6B0A2370B0EE6A0ADFF8E0
:10356000508107F02FFB20EE2E0A494B0027DFF891
:103570003CB1C0EE0E7AC3ED007A464BC3ED00BA03
:10358000454BDFED40BAC3ED00AA444BC3ED009AB2
:10359000434BC3ED009A434BC3F800A0424B88ED68
:1035A00000CA83ED00AA00F093FC0546814603465D
:1035B000019300F08DFC019B0646CDF80CA0C31AC8
:1035C0000EEE103A431B0AEE903AFFF767FD002813
:1035D0007FF4FDAEF5EEC0BAD8ED007AB8EE4EEA53
:1035E000F1EE10FA48BFF1EE6BBA6BEEACBA4BEEEF
:1035F0008E7AC8ED007A5FBBF5EE40DAF1EE10FA94
:1036000000F0B580F8EE6AAAF4EEEADAF1EE10FA0C
:1036100040F2AD808AEEAD7A78EE697AF0EE69AA72
:1036200047EE87AA9BF80030002B00F0A4804FF4EF
:10363000FA7000F0C9FB002840F09D80E12005B041
:10364000BDEC0E8BBDE8F04FFFF75EBD0523EAE64B
:10365000012F2FD13AEE497AD8ED007AF0EE48AA40
:10366000B4EEE77AF1EE10FADCD835467DE000BF23
:10367000000034C33207002000003443DA0F494011
:1036800017B7D1380000000000009643FCAD803B26
:103690001C07002018070020140700201007002036
:1036A0000C0700200C000020F40600202407002056
:1036B000F8060020B5EE40BAF1EE10FA0DD0F8EEA3
:1036C0006AAAB4EEEABAF1EE10FA06D9D8ED007A99
:1036D000B4EEE7AAF1EE10FA3FD8FFF7DFFC0028BE
:1036E0007FF475AE434D2B782BB14FF4FA7000F098
:1036F0006BFB0028A2D02B78002B78D0B0EE680AA4
:10370000FFF728FDB0EE401A3B4B02A893ED000AEC
:103710003A4B28EE800AD3ED000A68EEA00AFFF7C4
:103720003FFC00283ED1F4EECD8ADDED027A344B29
:10373000344AF1EE10FAC2ED008AC3ED007A68EE69
:10374000A77A314BC3ED007A3FF641AE04212170D8
:1037500082ED00CA83ED00CA39E68AEE8B7A78EEF4
:10376000C87AF0EE48AA47EE87AA02275AE7F0EE99
:1037700048AA012756E79BF80030ABB1B0EE6A0AC1
:10378000FFF7E8FCB0EE401A1B4B03A893ED000ACC
:103790001A4B2AEE800AD3ED000A6AEEA00AFFF760
:1037A000FFFB20B1E2204AE79FED181AECE7154B2A
:1037B00009F11409DDED037AC3ED00AA104B6AEE9E
:1037C000A7BAC3ED007A104BC3ED00BA00F080FB3E
:1037D0000346A9EB0000002803DD00F07FFB334621
:1037E000E6E60B4999460A6801320A60F7E79FED61
:1037F000071A89E724070020180700201407002073
:103800000C000020100700200C0700200000000022
:1038100020070020B5EEC00A2DE9F04FF1EE10FAB6
:103820009F4D2DED048BF0EE408A85B00CD408D965
:10383000F0EE407A9FED9B7AF4EEC77AF1EE10FA43
:1038400005DDE3232B7052E0F1EE407AF2E74FF40E
:10385000FA7000F0B9FA08B9E123F3E707239FED06
:10386000928ADFF874922B700023DFF87082DFF801
:1038700070A28E4C8E4F8F4EC9ED008A88ED008A63
:10388000CAED008A84ED008A3B703360FFF7C2FC0A
:10389000894B4FF07E529FED899A83ED008A884BC9
:1038A000DFED888A83ED008A874B1A6000F010FBF9
:1038B0008346019000F00CFB4FF07E530393019B75
:1038C000C01A3060FFF7EAFBC0B14FF4FA7000F0A5
:1038D0007BFA08B1FFF79EFC002389ED008A88ED92
:1038E000008A8AED008A84ED008A3B703360287874
:1038F000C0B205B0BDEC048BBDE8F08F4FF4FA7098
:1039000000F062FA48B9E12084ED008A05B0BDEC10
:10391000048BBDE8F04FFFF7F7BB3368B3F5FA5FF0
:1039200006D3E42084ED008AFFF7EEFB2870CCE795
:1039300000F08CFA88ED000AD9ED006AD8ED007A23
:1039400076EEE76AF5EEC06ACAED006AF1EE10FAAB
:103950004CBFB1EE667AB0EE667AB4EEC97AF1EE9B
:1039600010FA29D89FED501A03A884ED008AF0EED2
:10397000410AB0EE410AFFF713FB08B1E220C5E7A8
:10398000039A514B1A604A4A13780133DBB2137021
:103990001378042B71D90190FFF73CFC01980423A4
:1039A000434A89ED008A88ED008A8AED008A84ED19
:1039B000008A1070306045E7F3EE0E7A00233B700A
:1039C000B4EEE77AF1EE10FA4EDAB2EE046AF2EEF5
:1039D0000E7AB4EEC67AF1EE10FAA5BF37EE467A4B
:1039E000F3EE045AC7EE065A87EE256AAABF9FED8A
:1039F000377A65EEA77A46EE077A3368F92B36D820
:103A000096ED006ADFED325AB8EE466A86EE257A08
:103A100027EE287AF4EEC77AB2EE006AF1EE10FAD9
:103A2000B4EEC67A77FE277AF1EE10FA06DBF4EEF2
:103A3000C67AF1EE10FA48BFF0EE467AF5EEC06AAB
:103A4000DFED190A03A8B0EE600AF1EE10FAD8BF54
:103A5000F1EE677AC4ED007A94ED001AFFF7A0FA50
:103A600040B184ED008A89E7F0EE687AC5E7B0EEF0
:103A7000687ACFE7039A144B1A600BF1140B00F02D
:103A800027FA0346ABEB0000002802DD00F026FA1F
:103A900010E710499B460A6801320A600AE700BF36
:103AA000320700200000B44300000000E4060020BC
:103AB000E0060020DC06002010070020CDCC4C3FA3
:103AC0000C070020000070420C000020000034426F
:103AD00000007A4320070020F0060020EC060020BA
:103AE000E806002038B54FF4FA60124C00F07EF979
:103AF00030B9D0232370FFF7DFF82078C0B238BD8B
:103B00000D4D01232B70FFF7BBF810B1E22323709A
:103B1000F3E74FF4FA7000F0E1F92B782BB1FFF7DF
:103B200079FB642000F0DAF9E7E7044B00221A6021
:103B3000F7E700BF3207002024070020D806002046
:103B40000023174A174910B41370174A08601370FE
:103B5000EFF3108072B60022144C2260144C2260E5
:103B6000144C2260144C2260144C2260144A1370CE
:103B7000144A1370144A1360144A1360144A1360F1
:103B8000144A136000B962B6086828B101221249CC
:103B90005DF8044B01F05EBF5DF8044B704700BF59
:103BA00061070020700700206007002054070020F4
:103BB000500700204C070020480700205C07002029
:103BC0005807002044070020400700203C07002041
:103BD00038070020340700206D0700200C4B1B68BD
:103BE00010B48BB183420FD100220A4908240A7015
:103BF00009490A7019680C62C3F884200122074938
:103C00005DF8044B01F026BF5DF8044B704700BF20
:103C10007007002061070020600700206D0700206A
:103C20004C4A136870B501334B4D13602B7843B980
:103C3000552805D1494B4A4A1870012313702B703F
:103C400070BD012B464C0CD1532804D1434B587006
:103C500002232370F3E7552852D1404A1070237095
:103C6000EEE721783D4B4A1C5854D2B20A2A227002
:103C7000E6D918460A21002210F8016B01393244B6
:103C800011F0FF01D2B2F7D1997A91425FD1B3F925
:103C900004209FED346A07EE902AB3F90620B3F9A9
:103CA000023007EE102AF8EEE77A06EE903A2E4B35
:103CB000B8EEC77A2D49F8EEE66A2D4A67EE867AA5
:103CC000087827EE067A66EE866AC3ED006A294B0D
:103CD000C3ED007A284B83ED007A284B98B983ED29
:103CE000007A0023136001230B70254B01221A7008
:103CF00000F0EEF8234B244A186013680133136078
:103D000000232B70ABE7D3ED007ADFED206A77EE6E
:103D1000677AF4EEE67AF1EE10FA0CDDDFED1C6A5C
:103D200077EEE67AD2ED006A83ED007A76EEA77A36
:103D3000C2ED007AD9E7DFED176AF4EEE67AF1EE2C
:103D400010FA44BFDFED126A77EEA67AEAE7124A6C
:103D5000D3E700BF3807002061070020620700207A
:103D6000600700200000B43B5407002058070020E3
:103D700048070020500700204C0700205C07002067
:103D800044070020400700203C0700200000344387
:103D90000000B443000034C33407002038B5084C99
:103DA000236863B183420AD1064D2878FFF738FFB4
:103DB000294620680122BDE8384001F04BBE38BDDD
:103DC000700700206D07002038B5074B05461C68BA
:103DD0003CB100F07DF8001BA8428CBF0020012000
:103DE00038BD2046FCE700BF4007002070B5044600
:103DF000094E00F06DF8054600F06AF8431BA34237
:103E000001D3002070BD33681BB9052000F066F8AF
:103E1000F2E70120F6E700BF40070020EFF3108330
:103E200072B6064A1168064A11600021054A1160FF
:103E30000121054A117003B962B670474C07002092
:103E40005C0700204807002058070020EFF310838C
:103E500072B6034A92ED000A03B962B6704700BF1A
:103E60004807002010B50446FFF798FF2046FEF7EC
:103E7000E5F92046FDF76AFD2046BDE81040FEF753
:103E80000DB910B50446FFF7A9FE2046FEF71CFA4F
:103E90002046FDF7D1FD2046BDE81040FEF752B99F
:103EA00008B5032000F02CF80F20FDF783FCFDF788
:103EB00063FC002008BD0000034A044B11681B7816
:103EC0000B441360704700BF7407002010000020EF
:103ED000014B1868704700BF7407002038B50446CE
:103EE000FFF7F6FF0546631C1EBF044B1B78E41862
:103EF000FFF7EEFF431BA342FAD338BD10000020AA
:103F000007490302CA6803F4E06322F4E062120482
:103F1000120C134343F0BF6343F40033CB6070478C
:103F200000ED00E0164B30B5DC68C4F30224C4F1A8
:103F30000703251D042B28BF0423062D4FF0FF3552
:103F40008CBF033C002405FA03F3002805FA04F5AE
:103F500021EA030322EA050203FA04F343EA020317
:103F60004FEA0313DBB206DB00F1604000F561406D
:103F700080F8003330BD00F00F00024A1354F9E717
:103F800000ED00E014ED00E0002807DB410901230B
:103F900000F01F00024A834042F82130704700BF02
:103FA00000E100E0BFF35F8F044B5A6A22F48032D5
:103FB0005A620022C3F89420704700BF00ED00E071
:103FC000064B40F00100C3F894005A6A42F4803274
:103FD0005A62BFF34F8FBFF36F8F704700ED00E061
:103FE0004378144AC2F89830D2F8A03023F0010385
:103FF000C2F8A0304368C2F89C30C37A017B1B062C
:1040000043EA017301780B43817A43EAC143417B60
:1040100043EA8143817B43EA4143C17B43EA014355
:10402000417A43EA0123017A43EA4103C2F8A0300E
:10403000704700BF00ED00E070B50446866DFFF7E5
:1040400047FF054694F83530022B06D08023012027
:104050006365002384F8343070BD23681A6822F049
:1040600016021A605A6922F080025A61226C0AB95B
:10407000A26C1AB11A6822F008021A601A6822F0BB
:1040800001021A602368186810F0010007D1E26D80
:104090003F239340B360012384F83530D9E7FFF71D
:1040A00017FF401B0528EDD920230320636584F802
:1040B0003500CEE790F83530022B03D080234365DE
:1040C000012070470268052380F83530002013680E
:1040D00023F00103136070472DE9F74F0023DFF849
:1040E000BC916C4A01240D689C4004EA0506AC436F
:1040F00040F0B7804D6803274FEA430E05F00304F4
:1041000007FA0EFC671E6FEA0C0C012F34D8876883
:1041100007EA0C08CF6807FA0EF747EA0807876036
:10412000476827EA0608C5F300179F4047EA0807D3
:104130004760C768022C07EA0C088F6807FA0EF779
:1041400047EA0807C76019D14FEAD30803F0070A06
:104150004FF00F0B00EB88084FEA8A0AD8F820705E
:104160000BFA0AFB27EA0B0B0F6907FA0AF747EA73
:104170000B07C8F8207001E0032CDAD1076804FAB5
:104180000EF415F4403F07EA0C0744EA0704046004
:1041900067D0D9F8444023F0030703F0030C4FF035
:1041A0000F0E44F4804407F180474FEA8C0CC9F8A5
:1041B000444007F59C37D9F844400EFA0CFE04F44D
:1041C00080440194019CBC6824EA0E0E324CA0424B
:1041D0004ED004F58064A0424CD004F58064A04227
:1041E0004AD004F58064A04248D004F58064A0421F
:1041F00046D004F58064A04244D004F58064A04217
:1042000042D004F58064A04240D004F58064A0420E
:104210003ED004F58064A04214BF0A24092404FAA5
:104220000CF415F4801F44EA0E04BC606FEA060724
:1042300094680CBF3C40344315F4001F9460D4686C
:104240000CBF3C40344315F4003FD46054680CBFAD
:104250003C403443ED035460146854BF3C40344345
:1042600014600133102B7FF43DAF03B0BDE8F08F35
:104270000024D4E70124D2E70224D0E70324CEE7C8
:104280000424CCE70524CAE70624C8E70724C6E7C8
:104290000824C4E7003C014000000240003802400E
:1042A00000690840003818BF01207047194B37B526
:1042B0001A6C194C42F080521A641B6C03F0805344
:1042C0000193019B236843F480332360FFF700FED2
:1042D00005466368DA030CD523680F4D43F40033B9
:1042E0002360FFF7F5FD04466B689B030AD50020A9
:1042F00006E0FFF7EDFD401BB0F57A7FE9D903201A
:1043000003B030BDFFF7E4FD001BB0F57A7FEBD9B9
:10431000F5E700BF00380240007000402DE9F3418E
:10432000044640B30368DE0710D423689D0761D4B8
:104330002368190700F1A68023685A0700F1C78097
:10434000A269002A40F0308100202CE0944B9A684A
:1043500002F00C02042A07D09A6802F00C02082A24
:104360000BD15B68590208D58D4B1B689A03DCD5CD
:104370006368002BD9D1012015E06368884DB3F53F
:10438000803F13D12B6843F480332B60FFF7A0FDEF
:10439000834E054633689B03C7D4FFF799FD401B46
:1043A0006428F7D9032002B0BDE8F0819BB92B68DF
:1043B00023F480332B602B6823F480232B60FFF7DA
:1043C00087FD06462B689F03AFD5FFF781FD801B55
:1043D0006428F7D9E6E7B3F5A02F2B6803D143F49F
:1043E00080232B60CEE723F480332B602B6823F4EB
:1043F0008023CAE76A4B9A6812F00C0F07D09A68BC
:1044000002F00C02082A11D15B685D020ED4644AE6
:104410001368990702D5E368012BACD113682169B1
:1044200023F0F80343EAC103136081E7E3685C4DBE
:10443000BBB12B6843F001032B60FFF749FD064633
:104440002B689B0707D52B68226923F0F80343EA02
:10445000C2032B606CE7FFF73BFD801B0228EFD9FE
:10446000A0E72B6823F001032B60FFF731FD064620
:104470002B689F077FF55CAFFFF72AFD801B0228A2
:10448000F6D98FE76369464D83B16B6F43F0010343
:104490006B67FFF71DFD06466B6F9B073FF54CAF43
:1044A000FFF716FD801B0228F6D97BE76B6F23F020
:1044B00001036B67FFF70CFD06466B6F9F077FF5E7
:1044C0003BAFFFF705FD801B0228F6D96AE7344BA6
:1044D0001A6CD50027D41A6C012742F080521A6456
:1044E0001B6C03F080530193019B2E4D2B68D80564
:1044F0001BD5A3682A4D012B27D12B6F43F0010355
:104500002B6741F28838FFF7E3FC254E0546336FF1
:104510009A073FD5002F3FF413AF214A136C23F0C5
:10452000805313640CE70027DFE72B6843F48073A4
:104530002B60FFF7CDFC06462B68D905D9D4FFF7D1
:10454000C7FC801B6428F7D92CE7ABB92B6F41F26D
:10455000883823F001032B672B6F23F004032B67AC
:10456000FFF7B6FC06462B6F9B07D3D5FFF7B0FCD1
:10457000801B4045F7D915E7052B2B6F03D143F07E
:1045800004032B67B9E723F001032B672B6F23F09C
:104590000403B5E7FFF79CFC401B4045B7D901E792
:1045A0000038024000700040384DAB6803F00C0347
:1045B000082B41D02B68022A23F080732B602ED168
:1045C000FFF786FC06462B68990122D4A36A5B0894
:1045D0005A1ED4E907310B4343EA0243626A43EAB5
:1045E0008213E26A43EA026343F000536B602B6874
:1045F00043F080732B60FFF76BFC244D04462B685F
:104600009A013FF5A1AEFFF763FC001B0228F6D923
:10461000C8E6FFF75DFC801B0228D4D9C2E6FFF78D
:1046200057FC04462B689B017FF58EAEFFF750FCCC
:10463000001B0228F6D9B5E6012A6B683FF49BAE51
:1046400003F48002E1698A427FF495AE03F03F02F1
:10465000216A8A427FF48FAE47F6C072616A1A40BF
:10466000B2EB811F7FF487AEA26A03F44031520897
:10467000013AB1EB024F7FF47EAEE26A03F0706361
:10468000B3EB026F14BF012000208CE6003802401B
:10469000134908B58B6803F00C03042B1BD0082BBF
:1046A0001BD14A684B68496802F03F0213F480034B
:1046B000C1F388111ABF0B4800230B48A1FB00016E
:1046C000FBF742FF064B5B68C3F3014301335B001A
:1046D000B0FBF3F008BD0348FCE70348FAE700BF6E
:1046E0000038024000127A000024F4002DE9F04165
:1046F0000D46044610B90120BDE8F081454A136813
:1047000003F00F038B4228D321688F0730D4C807EA
:1047100043D4404A136803F00F03AB4266D82268C3
:1047200051076FD4130707D53B4A2169936823F4D7
:10473000604343EAC1039360FFF7AAFF364B374A51
:104740009B68C3F30313D35CD840354B1860354BDB
:104750001868FDF72FF80020CEE7136823F00F0349
:104760000B431360136803F00F038B42C3D1CBE7F5
:1047700011F0040F284B03D09A6842F4E0529A607B
:104780000E0703D59A6842F460429A609A68A0685E
:1047900022F0F00202439A60B9E761681E4B0129DA
:1047A0001A681BD112F4003FA5D09A6841F28838EC
:1047B000194F22F003020A439A60FFF789FB06466D
:1047C000BB68626803F00C03B3EB820FA1D0FFF764
:1047D0007FFB801B4045F3D903208DE7022902D1DE
:1047E00012F0007FE0E712F0020FDDE7136823F01C
:1047F0000F032B431360136803F00F03AB427FF4E6
:104800007AAF8CE70449E0688B6823F4E0530343F4
:104810008B6087E7003C0240003802404CC1000832
:104820000000002014000020044B054A9B68C3F3DD
:104830008223D35C034A1068D84070470038024096
:1048400044C1000800000020044B054A9B68C3F3E4
:104850004233D35C034A1068D840704700380240A6
:1048600044C10008000000200F2303600B4B9A682E
:1048700002F0030242609A6802F0F00282609A68D5
:1048800002F4E052C2609B68DB0803F4E05303616A
:10489000034B1B6803F00F030B60704700380240A6
:1048A000003C02402DE9F7430268044612F0010380
:1048B0000BD0AD498B6823F400038B60636B886871
:1048C0001843B3FA83F35B09886012F4002612D010
:1048D000A548E66BD0F88C10B6F5801F21F4401186
:1048E00008BF012341EA060116BFB6FA86F6002684
:1048F0007609C0F88C10D50211D59B4D206CD5F8E7
:104900008C10B0F5800F21F4400141EA0001C5F898
:104910008C1000F08681002808BF46F00106C2F323
:104920000067900647EA030731D58F4B8F4D1A6C0D
:1049300042F080521A641B6C03F080530193019B78
:104940002B6843F480732B60FFF7C2FA80462B6814
:10495000D90540F16881844D2B6F13F4407340F00A
:104960006D81236B03F44072B2F5407F7E4A40F0C4
:104970008B81916823F0704021F4F81120F440708D
:1049800001439160C3F30B03116F0B431367256859
:10499000E8060CD5744BD3F88C2022F08072C3F853
:1049A0008C20D3F88C20A16B0A43C3F88C206904B7
:1049B00008D56D4A616ED2F8903023F440330B4332
:1049C000C2F890302A0408D5674AA16ED2F8903018
:1049D00023F440230B43C2F89030EB0308D5624A1E
:1049E000E16ED2F8903023F440130B43C2F89030BC
:1049F000A80308D55C4A216FD2F8903023F4400315
:104A00000B43C2F89030690608D5574A616CD2F85A
:104A1000903023F003030B43C2F890302A0608D5E8
:104A2000514AA16CD2F8903023F00C030B43C2F82A
:104A30009030EB0508D54C4AE16CD2F8903023F069
:104A400030030B43C2F89030A80508D5464A216DC3
:104A5000D2F8903023F0C0030B43C2F890306905C0
:104A600008D5414A616DD2F8903023F440730B436E
:104A7000C2F890302A0508D53B4AA16DD2F8903093
:104A800023F440630B43C2F89030EB0408D5364A58
:104A9000E16DD2F8903023F440530B43C2F89030CC
:104AA000A80408D5304A216ED2F8903023F4404350
:104AB0000B43C2F89030690208D52B4AA16FD2F897
:104AC000903023F080630B43C2F89030AA020DD5DA
:104AD0002549E26FD1F89030B2F1006F08BF46F07F
:104AE000010623F000631343C1F890306B0308D52F
:104AF0001D4A616FD2F8903023F040730B43C2F827
:104B00009030280209D5184AD4F88010D2F8903095
:104B100023F080530B43C2F89030002F40F0B88050
:104B2000A90100F1B580C5F3C0053543012D76D14B
:104B30000D4D2B6823F080532B60FFF7C9F9064613
:104B40002B689F0000F12A8121680E0301D5E36BD9
:104B50001BB1CD0223D5236C0BBB034AD2F888309E
:104B6000D2F8880004E000BF003802400070004026
:104B700003F4403300F0E0400343606943EA8013EC
:104B8000A06943EA0063C2F88830D2F88C30A06A8A
:104B900023F4F853013843EA0023C2F88C3088022A
:104BA00015D5E36FB3F1006F11D1834AD2F8883085
:104BB000D2F8880003F0706300F0E04003436069BE
:104BC00043EA8013206A43EA0043C2F888300A07A8
:104BD00019D57949D1F88820D1F8883002F070626F
:104BE00003F440331343626943EA8213E26943EA00
:104BF0000273C1F88830D1F88C30E26A23F4403374
:104C00001343C1F88C306C4C236843F0805323600D
:104C1000FFF75EF9054623689B0040F1C68000203F
:104C200009E001237BE6FFF753F9A0EB08006428B5
:104C30007FF68DAE032003B0BDE8F083226B02F453
:104C4000407293423FF48DAE2B6F2A6F23F4407372
:104C500042F480322A672A6F22F480322A672B6757
:104C60002B6FDA077FF57DAEFFF732F941F2883915
:104C700080462B6F9B073FF574AEFFF729F9A0EB39
:104C800008004845F5D9D5E7916821F4F81178E690
:104C9000494F3B6823F080633B60FFF719F980467A
:104CA0003B681A0173D42268D30712D5636B83B9AA
:104CB000D7F88430D7F8841003F4403301F07061E2
:104CC0000B43616843EA8113A16843EA0173C7F8A3
:104CD0008430170303D5E36BB3F5801F05D0D002F2
:104CE0001ED5236CB3F5800F1AD13349D1F8843027
:104CF000D1F8840003F4403300F0E04003436068DF
:104D000043EA8013E06843EA0063C1F88430D1F8D5
:104D10008C00636A20F01F00013B0343C1F88C3014
:104D2000D10111D52449D1F88430D1F8840003F0A1
:104D3000706300F0E0400343606843EA8013206939
:104D400043EA0043C1F8843092010DD523696268BB
:104D50001B0443EA8213E26843EA0263A26843EA5F
:104D60000273154AC2F88430134F3B6843F08063E6
:104D70003B60FFF7ADF880463B681B013FF5D3AEC3
:104D8000FFF7A6F8A0EB08006428F5D952E7FFF773
:104D90009FF8A0EB0800642882D94BE7FFF798F84A
:104DA000801B64287FF6CCAE44E7FFF791F8401BE8
:104DB00064287FF630AF3DE70038024070470000BE
:104DC00090F83D30012B33D1022380F83D30036849
:104DD000DA6842F00102DA60164A93421AD0B3F15F
:104DE000804F17D0A2F57C42934213D002F5806227
:104DF00093420FD002F5806293420BD002F57842C5
:104E0000934207D002F57052934203D0A2F5943238
:104E1000934207D19968084A0A40062A06D0B2F59B
:104E2000803F03D01A6842F001021A6000207047E8
:104E300001207047000001400700010070477047E3
:104E400070477047036870B5DD6804461E69B20795
:104E50000DD5A9070BD56FF002021A610122027766
:104E60009B699A0775D0FFF7EAFF00232377730742
:104E700010D568070ED523686FF0040220461A612A
:104E8000022222779B6913F4407F68D0FFF7D7FF97
:104E90000023237731070FD52A070DD523686FF03C
:104EA000080220461A6104222277DB699B075CD046
:104EB000FFF7C5FF00232377F10610D5EA060ED5CC
:104EC00023686FF0100220461A6108222277DB69FE
:104ED00013F4407F4FD0FFF7B2FF00232377F3078F
:104EE00008D5E80706D523686FF0010220461A614D
:104EF000FBF7C8FF16F4025F08D0290606D5236821
:104F00006FF4025220461A6100F0C1F8F20508D58C
:104F10002B0606D523686FF4807220461A6100F0D4
:104F2000B7F8700608D5690606D523686FF0400209
:104F300020461A61FFF785FFB20622D5AB0620D5C1
:104F400023686FF0200220461A61BDE8704000F02F
:104F50009DB8FFF773FF2046FFF772FF85E7FFF765
:104F60006DFF2046FFF76CFF92E7FFF767FF2046D3
:104F7000FFF766FF9EE7FFF761FF2046FFF760FF40
:104F8000ABE770BD274A0368904212D0B0F1804F62
:104F90000FD0A2F57C4290420BD002F58062904285
:104FA00007D002F58062904203D002F57842904229
:104FB00008D123F070034A68134323F44073CA688E
:104FC000134316E0184A9042F7D002F580629042EF
:104FD000F3D002F580629042EFD0A2F59832904271
:104FE000EBD002F580629042E7D002F580629042F9
:104FF000E3D04A6923F0800313438A68C2620A68D7
:105000008262084A904203D002F58062904201D148
:105010000A690263026842F00402026001224261EE
:1050200003607047000001400040014010B5044695
:1050300050B390F83D3003F0FF021BB980F83C20DC
:10504000FFF7BCFE02232068211D84F83D30FFF7E6
:1050500099FF0123002084F8483084F83E3084F81A
:105060003F3084F8403084F8413084F8423084F88E
:10507000433084F8443084F8453084F8463084F86E
:10508000473084F83D3010BD0120FCE77047704781
:105090007047026852E8003F23F4907342E8003101
:1050A00002680029F5D102F1080353E8003F23F01C
:1050B000010302F1080C4CE800310029F3D1036E22
:1050C000012B07D152E8003F23F0100342E80031E2
:1050D0000029F7D12023C0F88030002303668366BF
:1050E0007047704708B5806B0023A0F85A30FEF770
:1050F000C8FE08BD70470000036870B5DA6940F665
:105100000F061968044632429D680BD1960640F19D
:1051100088808D0640F18580836E002B7BD0BDE8B2
:105120007040184705F00100964D0D40054378D0BA
:10513000D60709D5CD0507D501251D62D4F88450C1
:1051400045F00105C4F88450960708D538B102250A
:105150001D62D4F8845045F00405C4F88450550706
:1051600008D538B104251D62D4F8845045F00205F5
:10517000C4F8845016070BD501F02005054307D06D
:1051800008201862D4F8840040F00800C4F88400B5
:1051900015050AD5480108D54FF400601862D4F807
:1051A000843043F02003C4F88430D4F88430002BDA
:1051B00031D0920605D58B0603D5A36E0BB12046E0
:1051C000984726682046D4F88420B36802F0280265
:1051D00003F0400353EA02051ED0FFF75AFFB368FD
:1051E0005E0615D5226802F1080353E8003F23F05C
:1051F0004003083242E800310029F3D1606F38B132
:10520000614B0365FEF756FF28B1606F036D86E7BB
:105210002046FEF736FE70BDFEF733FEC4F884501C
:10522000F9E7206E012840F08D80D50640F18A8094
:10523000C80640F187801022B4F858101A629A68A4
:10524000520651D5606F0268526892B2002A42D06D
:10525000914240D9A4F85A20C269B2F5807F2ED07D
:1052600053E8002F22F4807243E800210029F7D18F
:1052700003F1080252E8002F22F0010203F10800B6
:1052800040E800210029F3D103F1080252E8002F81
:1052900022F0400203F1080040E800210029F3D188
:1052A0002022C4F88020216653E8002F22F010024B
:1052B00043E800210029F7D1606FFEF7BDFE02230D
:1052C000B4F858106366B4F85A30C91A89B2204647
:1052D000FFF710FF9FE791429DD1C369B3F5807F2F
:1052E00099D102236366F2E7B4F85A20B4F85A0061
:1052F00092B280B200288ED0891A89B200298AD051
:1053000053E8002F22F4907243E800200028F7D1E0
:1053100003F1080252E8002F22F0010203F1080510
:1053200045E800200028F3D12022A066C4F88020A0
:10533000206653E8002F22F0100243E800200028E6
:10534000F7D1CEE7160607D50D0605D5E36E002B7F
:105350003FF461AF2046E2E650067FF55CAF4A06B7
:105360007FF559AF53E8002F22F0400243E80021B7
:105370000029F7D120232046E166E367FFF7B1FE5D
:1053800049E700BF20010004E5500008D0F8802064
:10539000222A08B5036854D15B6AB0F85C10426DEC
:1053A0000B401370436D01334365B0F85A30013B35
:1053B0009BB2A0F85A30B0F85A309BB2002B3FD1C4
:1053C000026852E8003F23F4907342E8003103681A
:1053D0000029F5D103F1080252E8002F22F0010262
:1053E00003F1080C4CE800210029F3D1202281664A
:1053F000C0F8802041665A68110205D4026E012A65
:105400000BD0FEF72FFD1BE053E8002F22F0806247
:1054100043E800210029F7D1F0E70022026653E8B3
:10542000002F22F0100243E800210029F7D1DA69A9
:10543000D20601D510221A62B0F85810FFF75AFEB2
:1054400008BD9A6942F008029A61F9E7D0F8802015
:10545000222A08B5036851D1596AB0F85C2011407E
:10546000426D22F8021B4265B0F85A20013A92B20E
:10547000A0F85A20B0F85A2092B2002A3DD153E841
:10548000002F22F4907243E800210029F7D103F1A4
:10549000080252E8002F22F0010203F1080C4CE848
:1054A00000210029F3D120228166C0F880204166C6
:1054B0005A68110205D4026E012A0BD0FEF7D2FC05
:1054C0001BE053E8002F22F0806243E8002100290E
:1054D000F7D1F0E70022026653E8002F22F0100215
:1054E00043E800210029F7D1DA69D20601D510225C
:1054F0001A62B0F85810FFF7FDFD08BD9A6942F036
:1055000008029A61F9E7000038B50446C0692169CC
:10551000A26823680A4361691D680A436E49024311
:105520002940256A0A43E1681A605A6822F4405209
:105530000A435A60A26999682A4321F430610A43F8
:105540009A60664A934213D1654BD3F8903003F0CA
:105550000303022B00F0A580032B00F09C80012B9D
:1055600067D0B0F5004F00F09080FFF76DF912E0C2
:105570005C4A934226D15A4BD3F8903003F00C0387
:10558000082B00F08E8016D8002B52D1B0F5004FBA
:1055900076D0FFF749F9002875D0626800EB520316
:1055A000B3FBF2F34FF6EF72A3F11001914204D86E
:1055B0002268D36067E00C2B6DD001200023C4E982
:1055C0001A3338BD484A934209D1454BD3F890303D
:1055D00003F03003202B64D0D6D9302BECE7434ABC
:1055E000934209D13E4BD3F8903003F0C003802B97
:1055F00057D0C9D9C02BDFE73D4A93420BD1384B76
:10560000D3F8903003F44073B3F5007F49D0BBD991
:10561000B3F5407FD0E7374A934213D1304BD3F8EC
:10562000903003F44063B3F5006F3AD007D8002BF5
:1056300097D0B0F5004F2BD1FFF72AF822E0B3F551
:10564000406FB9E72C4A93420BD1254BD3F89030E9
:1056500003F44053B3F5005F23D095D9B3F5405F11
:10566000AAE7264A9342A8D11D4BD3F8903003F401
:105670004043B3F5004F14D086D9B3F5404F9BE7B4
:10568000FFF7D2F890B9002098E7FFF7DDF8F9E7C7
:10569000FEF7FEFF7FE7B0F5004F07D04FF4004064
:1056A0007BE7B0F5004F16487FF477AF6268530888
:1056B00003EB4003B3FBF2F34FF6EF72A3F11001DB
:1056C00091423FF67AAF23F00F02C3F34203216801
:1056D00092B21343CB60D6E7F369FFEF00100140AD
:1056E000003802400044004000480040004C0040A8
:1056F000005000400014014000780040007C004051
:105700000024F400436A1A0710B506D50168446BFB
:105710004A6822F4004222434A60DC0706D5016849
:10572000846A4A6822F4003222434A60990706D507
:105730000168C46A4A6822F4803222434A605A07E8
:1057400006D50168046B4A6822F4802222434A602D
:10575000DC0606D50168846B8A6822F480522243F5
:105760008A60990606D50168C46B8A6822F40052E3
:1057700022438A605A0610D50168046C4A68B4F561
:10578000801F22F4801242EA04024A6005D14A686E
:10579000446C22F4C00222434A601B0606D502680C
:1057A000816C536823F400230B43536010BD2DE933
:1057B000F843DDF8209004460D46174698462268C7
:1057C000D36935EA03030CBF01230023BB4201D098
:1057D000002022E0B9F1FF3FF2D0FEF779FBA0EB09
:1057E0000800484529D8B9F1000F26D021680B6878
:1057F0005A07E4D5802DE2D0402DE0D0CE6916F0D6
:1058000008060CD0082520460D62FFF742FC002355
:105810000120C4F8845084F87830BDE8F883CB695F
:105820001B05CCD54FF4006320460B62FFF731FC1B
:10583000202384F87860C4F884300320EDE72DE954
:10584000F7439846C36F04460E46202B174643D1B4
:10585000002943D0002A41D021230025C0F88450DC
:10586000C367FEF735FBA3688146A4F85070B3F513
:10587000805FA4F8527003D123690BB935461E46E8
:10588000B4F852204B46CDF8008092B23AB940218C
:105890002046FFF78CFF202340B9E36708E0002291
:1058A00080212046FFF783FF28B120230320E367F0
:1058B00003B0BDE8F08322685EB935F8023BC3F35C
:1058C00008039362B4F85220013A92B2A4F852202D
:1058D000D6E716F8013BF4E70220E9E70120E7E705
:1058E00037B500250446C0F88450FEF7F1FA226867
:1058F0000346126812071AD56FF07E424FF400116A
:10590000204600922A46FFF752FF80B1226852E8F3
:10591000003F23F0800342E800310029F6D1202324
:105920000320E367002384F8783003B030BD2023E0
:105930000020E367C4F8803020666066F2E710B5A7
:10594000044640B3C36F1BB980F87830FBF746FDBF
:1059500024232268E367136823F001031360636A5A
:1059600013B12046FFF7CEFE2046FFF7CDFD0128FC
:1059700011D0236820465A6822F490425A609A68EF
:1059800022F02A029A601A6842F00102BDE8104033
:105990001A60FFF7A5BF012010BD0000A0F8582035
:1059A0000023A0F85A2082684165B2F5805F8366C3
:1059B0002CD10369002B40F2FF1318BFFF23A0F87E
:1059C0005C300023C0F884302223C0F880300268A5
:1059D00002F1080353E8003F43F00103083242E8B4
:1059E000003102680029F2D181680369B1F5805F56
:1059F00027D1DBB1154B836652E8003F43F4907327
:105A000042E800310029F7D1002070472AB9036924
:105A1000002B0CBFFF237F23D1E7B2F1805FCED1F3
:105A20000369002B0CBF7F233F23C8E7084B836625
:105A300052E8003F43F0200342E800310029F7D14B
:105A4000E2E702498166002BF2D0D5E78D530008CA
:105A50004D54000838B5D0F88030202B13D1A1B1B7
:105A60009AB100230468036663681B0207D554E8F3
:105A7000003F43F0806344E80035002DF7D1FFF785
:105A80008DFF002038BD0220FCE70120FAE700F17D
:105A900008034FF0FF3243600361C0E90223002393
:105AA0000360704700230361704743689A684B6046
:105AB0008A60516099600368086101330360704730
:105AC00030B50C68631C0AD103695A684A6091605A
:105AD0008B605960036808610133036030BD00F1D9
:105AE0000802134652681568A542FAD9EDE7036922
:105AF000D0E901128A6051605968814208BF5A603A
:105B0000002202611A68013A1A601868704710B5DD
:105B1000044601F01FFCA46B01F040FCB4FA84F0D1
:105B2000400910BD70B51646026C0446856B42B93B
:105B300006689EB9806800F0C1FFA6600135A563C4
:105B400070BD6EB9406802F0AEFF6368226C13440A
:105B5000A2689342636024BF236863600020EDE77E
:105B6000C06802F0A0FF226CE36851429B1A2268D1
:105B70009342E3603EBFA3685B18E360022EEDD161
:105B80000DB1013DEAE72846D8E7034608461A6CFE
:105B900010B45AB1DC68A1189C68A142D9605DF8C4
:105BA000044B24BF1968D96002F07DBF5DF8044B37
:105BB000704770B5044601F0CDFB94F8455004F1F0
:105BC00024066DB2002D01DD636AB3B9FF2304F131
:105BD000100684F8453001F0E1FB01F0BBFB94F8BE
:105BE00044506DB2002D01DD23697BB9FF2384F899
:105BF0004430BDE8704001F0D1BB304600F0B8FE43
:105C000008B100F045FF013D6DB2DBE7304600F022
:105C1000AFFE08B100F03CFF013D6DB2E2E738B5E0
:105C20000D46044650B94FF0500372B683F3118805
:105C3000BFF36F8FBFF34F8F62B6FEE701F08AFBB1
:105C40002268D4E90F3162604B43D0185B1AA06020
:105C50001A440020FF23E260A06384F8443084F8F3
:105C60004530A5B9236973B104F1100000F080FE3E
:105C700048B14FF0E0234FF08052C3F8042DBFF33A
:105C80004F8FBFF36F8F01F089FB012038BD04F106
:105C90001000FFF7FCFE04F12400FFF7F8FEF2E726
:105CA00037B50D461C4653B94FF0500372B683F317
:105CB0001188BFF36F8FBFF34F8F62B6FEE75AB103
:105CC000B1B94FF0500372B683F31188BFF36F8FF1
:105CD000BFF34F8F62B6FEE751B14FF0500372B67B
:105CE00083F31188BFF36F8FBFF34F8F62B6FEE768
:105CF00050230193019B502B0AD04FF0500372B6F2
:105D000083F31188BFF36F8FBFF34F8F62B6FEE747
:105D10000121002D08BF2246019B84F84610226015
:105D2000C4E90F052046FFF77AFF9DF8183020469A
:105D300084F84C3003B030BD10B49DF8044050B925
:105D40004FF0500372B683F31188BFF36F8FBFF328
:105D50004F8F62B6FEE701945DF8044BFFF7A0BFDA
:105D6000F8B50D461746064650B94FF0500372B6C7
:105D700083F31188BFF36F8FBFF34F8F62B6FEE7D7
:105D80004843503001F0B0F9044670B1002380F868
:105D9000463065B100F15003012120462360C4E97B
:105DA0000F65FFF73CFF84F84C702046F8BD0346B2
:105DB000F2E72DE9FF410F461E460446019250B915
:105DC0004FF0500372B683F31188BFF36F8FBFF3A8
:105DD0004F8F62B6FEE761B9036C53B14FF05003C9
:105DE00072B683F31188BFF36F8FBFF34F8F62B624
:105DF000FEE7022E0DD1E36B012B0AD04FF05003CA
:105E000072B683F31188BFF36F8FBFF34F8F62B603
:105E1000FEE700F043FE054660B9019B5BB14FF021
:105E2000500372B683F31188BFF36F8FBFF34F8FA8
:105E300062B6FEE700254FF0000839E0022E3DD0A3
:105E4000019B1BB901F0AAFA002050E015B902A885
:105E500000F0D2FD01F0A2FA00F0D2FB01F07AFAD4
:105E600094F84430FF2B01D184F8448094F84530F5
:105E7000FF2B01D184F8458001F090FA01A902A816
:105E800000F0C6FD002848D101F064FAA26BE36B74
:105E90009A422FD101F082FA019904F1100000F02A
:105EA0002BFD2046FFF785FE00F052FC50B3012584
:105EB00001F050FAA26BE36B9A42BFD232463946E8
:105EC0002046FFF72FFE636A1BB104F1240000F0A7
:105ED0004FFD48B14FF0E0234FF08052C3F8042D3E
:105EE000BFF34F8FBFF36F8F01F058FA012004B05A
:105EF000BDE8F08101F052FA2046FFF75AFE00F0AB
:105F000027FCD4E74FF0E0234FF08052C3F8042D74
:105F1000BFF34F8FBFF36F8FC9E72046FFF749FEEE
:105F200000F016FC90E72DE9F843894617461E4617
:105F3000044650B94FF0500372B683F31188BFF393
:105F40006F8FBFF34F8F62B6FEE761B9036C53B139
:105F50004FF0500372B683F31188BFF36F8FBFF316
:105F60004F8F62B6FEE7022E0DD1E36B012B0AD0F4
:105F70004FF0500372B683F31188BFF36F8FBFF3F6
:105F80004F8F62B6FEE701F0E1FAEFF311884FF0B0
:105F9000500372B683F31188BFF36F8FBFF34F8F37
:105FA00062B6A26BE36B9A4201D3022E1DD194F824
:105FB00045503246494620466DB2FFF7B3FD6B1C93
:105FC0000ED1636A3BB104F1240000F0D1FC10B1A2
:105FD0000FB101233B60012088F31188BDE8F883ED
:105FE00001356DB284F84550F5E70020F4E72DE95E
:105FF000FF410E460446019250B94FF0500372B66D
:1060000083F31188BFF36F8FBFF34F8F62B6FEE744
:1060100061B9036C53B14FF0500372B683F311882A
:10602000BFF36F8FBFF34F8F62B6FEE700F036FD10
:10603000054660B9019B5BB14FF0500372B683F324
:106040001188BFF36F8FBFF34F8F62B6FEE7002555
:106050004FF000083DE0019B1BB901F09FF90020C3
:1060600056E015B902A800F0C7FC01F097F900F05E
:10607000C7FA01F06FF994F84430FF2B01D184F88E
:10608000448094F84530FF2B01D184F8458001F01D
:1060900085F901A902A800F0BBFC002841D12046E7
:1060A000FFF735FDB8B3019904F1240000F024FC9A
:1060B0002046FFF77EFD00F04BFB48B94FF0E02390
:1060C0004FF08052C3F8042DBFF34F8FBFF36F8F93
:1060D000012501F03FF9A76B002FBCD0013F3146ED
:1060E0002046FFF752FDA763236973B104F1100046
:1060F00000F03EFC48B14FF0E0234FF08052C3F86F
:10610000042DBFF34F8FBFF36F8F01F047F90120CC
:1061100004B0BDE8F0812046FFF74BFD00F018FB0E
:10612000D6E72046FFF745FD00F012FB2046FFF7BB
:10613000EEFC0028CCD092E710B5044650B94FF0E1
:10614000500372B683F31188BFF36F8FBFF34F8F85
:1061500062B6FEE701F0FEF8A46B01F01FF92046DD
:1061600010BD00000023074A30B552F8335002EB4F
:10617000C3041DB942F83310606030BD0133082BF1
:10618000F3D1FAE77807002070B504460D461646AD
:1061900001F0E0F894F84430FF2B02D1002384F89A
:1061A000443094F84530FF2B02D1002384F8453069
:1061B00001F0F4F8A36B2BB93246294604F1240010
:1061C00000F0B6FB2046BDE87040FFF7F2BC0000CF
:1061D0002DE9F041044601F0BDF82F4B2F4E1A680F
:1061E0002F4F01321A603568002D4AD134601B6888
:1061F000012B1FD1B84601354046FFF748FC08F196
:106200001408382DF7D1DFF8C080264D4046FFF73F
:106210003EFC2846FFF73BFC2348FFF738FC2348A9
:10622000FFF735FC2248FFF732FC224BC3F8008011
:10623000214B1D60214A136801331360204A6364B7
:106240001168E36A8B4200D913601420211D00FB02
:106250000370FFF72AFC01F0A1F81A4B1B6873B119
:106260003368DA6AE36A9A4209D24FF0E0234FF0CA
:106270008052C3F8042DBFF34F8FBFF36F8FBDE87B
:10628000F081104B1B68002BD4D13368DA6AE36AC3
:106290009A42CFD83460CDE7DC070020B00C002054
:1062A00050080020280800200C080020F8070020D3
:1062B000E00700202408002020080020C00700205C
:1062C000D4070020D00700203C080020F8B5154B6B
:1062D0000646154D0F461C6828680430FFF707FC7A
:1062E000731C07D137B1296810480431BDE8F84064
:1062F000FFF7DBBBA4192B685C6007D30C4B186855
:106300002968BDE8F8400431FFF7DABB094B18688B
:1063100029680431FFF7D4FB074B1A68A24200D961
:106320001C60F8BDD8070020B00C0020E00700205A
:106330002008002024080020BC070020064A13681B
:106340001968064B19B94FF0FF321A60704712688E
:10635000D268D2685268F8E724080020BC07002001
:1063600010B590F8593004463BB9006B00F050FF6F
:106370002046BDE8104000F04BBF012BF9D0022BA6
:106380000AD04FF0500372B683F31188BFF36F8FBA
:10639000BFF34F8F62B6FEE710BD000080B5134C0F
:1063A000134F144D236873B9134B1B68012BF8D995
:1063B0004FF0E0234FF08052C3F8042DBFF34F8F0E
:1063C000BFF36F8FEDE700F0C5FFFB68DE68301D9F
:1063D000FFF78DFB2B68013B2B602368013B23609B
:1063E00000F0DCFF3046FFF7BBFFDBE7F4070020DF
:1063F000F8070020DC070020500800202DE9F047B6
:10640000960007460D46A52132469846043EDDE932
:106410000994206B02F05EFA236B1E4426F00706F7
:10642000A5B36B1E04F133020F3513F8011F02F8F8
:10643000011F09B1AB42F8D1002384F84330089D15
:106440004FF0000A201D372DC4F850A028BF372573
:10645000E562E564C5F13805FFF724FB04F1180097
:10646000FFF720FBC4F854A0424639463046246169
:10647000A561646284F858A000F048FF2060B9F17B
:10648000000F01D0C9F80040BDE8F08784F834500F
:10649000D5E770B586B0DDE90B5455B94FF0500320
:1064A00072B683F31188BFF36F8FBFF34F8F62B65D
:1064B000FEE754B94FF0500372B683F31188BFF36F
:1064C0006F8FBFF34F8F62B6FEE75C260596059E81
:1064D0005C2E0AD04FF0500372B683F31188BFF3DD
:1064E0006F8FBFF34F8F62B6FEE725630225059ECF
:1064F00084F8595004AD029401950A9D0095FFF768
:106500007DFF2046FFF764FE049806B070BD2DE9BC
:10651000F043074685B0900088461646994600F03D
:10652000E3FD054620B94FF0FF3005B0BDE8F0832C
:106530005C2000F0D9FD044698B100230563324683
:10654000414680F859300D9B0290384601930C9BD0
:1065500000934B46FFF752FF2046FFF739FE01201C
:10656000E3E7284600F054FEDDE7000010B588B0F0
:10657000002407AA06A905A8CDE9054400F076FD88
:10658000059B079A0293069B18491948CDE90043D9
:106590002346FFF77EFF38B300F028FB012816D111
:1065A0004FF0500372B683F31188BFF36F8FBFF3C0
:1065B0004F8F62B60F4B4FF0FF321A600E4B1860D0
:1065C0000E4B1C6008B0BDE8104000F05DBF01300C
:1065D0000AD14FF0500372B683F31188BFF36F8F67
:1065E000BFF34F8F62B6FEE708B010BD4FBC000886
:1065F0009D630008BC070020D0070020D8070020BA
:10660000024A136801331360704700BFB8070020C7
:10661000014B1868704700BFD8070020414B1B682A
:106620002DE9F74F002B76D13F4B1D6801351D60DA
:10663000CDB93E4B1A68126852B14FF0500372B692
:1066400083F31188BFF36F8FBFF34F8F62B6FEE7FE
:10665000374A1968106818601160364A13680133A8
:106660001360FFF76BFE344E0024344F3368DFF8BD
:10667000D880AB420AD8DFF8B4A0DFF8D0B0DAF89F
:1066800000301B68B3B94FF0FF333360D8F80030E7
:106690001422DB6A5343FB58012B94BF204644F07D
:1066A0000100274B1B68002B18BF40F0010003B00E
:1066B000BDE8F08FDAF80030DB68D3F80C90D9F839
:1066C0000420954201D23260E0E709F10403184644
:1066D0000193FFF70CFAD9F828201AB109F1180034
:1066E000FFF705FAD9F82C00DBF80020904201D919
:1066F000CBF80000142309F1040103FB0070FFF73D
:10670000D4F9D8F80010D9F82C20CB6A9A4228BFC7
:1067100044F00104B3E70B4A00201368013313600F
:10672000BFE700BFB8070020D807002024080020DA
:1067300020080020C4070020BC07002050080020CB
:10674000C8070020CC070020B00C0020D407002090
:106750002DE9F041314C236853B94FF0500372B624
:1067600083F31188BFF36F8FBFF34F8F62B6FEE7DD
:1067700000F0F0FD2368013B236024682CB1002465
:1067800000F00CFE2046BDE8F081254B1B68002B75
:10679000F5D0244D244EDFF8A0801DE0EB68DC68C6
:1067A000271D04F11800FFF7A2F93846FFF79FF9FB
:1067B000E36A3268934200D933601420394600FB03
:1067C0000380FFF772F9194BE26A1B68DB6A9A4291
:1067D00002D3174B01221A602B68002BDED10CB1BB
:1067E000FFF7ACFD134D2C6844B1114E0127FFF7A4
:1067F00015FF00B13760013CF9D12C600C4B1B68D0
:10680000002BBCD04FF0E0234FF08052C3F8042D92
:10681000BFF34F8FBFF36F8F0124B1E7B80700209C
:10682000DC0700200C080020D4070020B00C00205A
:10683000C8070020CC0700205008002008B550B938
:106840004FF0E0234FF08052C3F8042DBFF34F8F79
:10685000BFF36F8F08BD0B4B196851B14FF0500358
:1068600072B683F31188BFF36F8FBFF34F8F62B699
:10687000FEE7FFF7C5FEFFF729FDFFF769FF0028D8
:10688000DED0E7E7B8070020164B1A68164B70B544
:1068900012B101221A6070BD144D14261A60144CF6
:1068A000296806FB01F3E258E0186AB14268083330
:1068B000526823449A4242600E4B04BF52684260C1
:1068C000D2681A602960E6E751B94FF0500372B6FA
:1068D00083F31188BFF36F8FBFF34F8F62B6FEE76C
:1068E0000139DEE7B8070020C8070020D4070020E0
:1068F00050080020B00C002010B50C4650B94FF0E5
:10690000500372B683F31188BFF36F8FBFF34F8FBD
:1069100062B6FEE7054B19681831FFF7D1F820463B
:106920000121BDE81040FFF7D1BC00BFB00C002032
:1069300038B50D46144650B94FF0500372B683F384
:106940001188BFF36F8FBFF34F8F62B6FEE7074B1F
:1069500019681831FFF7A9F8002C21460CBF28460A
:106960004FF0FF30BDE83840FFF7B0BCB00C00205E
:1069700038B5C368DC6854B94FF0500372B683F37E
:106980001188BFF36F8FBFF34F8F62B6FEE704F13C
:1069900018052846FFF7ABF8114B1B68D3B9251D26
:1069A0002846FFF7A4F80F4AE36A11688B4200D922
:1069B000136014200C4A294600FB0320FFF775F8EA
:1069C0000A4BE26A1B68DB6A9A4206D90120084B2F
:1069D000186038BD29460748F0E70020F9E700BFF6
:1069E000B8070020D407002050080020B00C002079
:1069F000C80700200C080020034B1B680360034BF2
:106A00001B684360704700BFC4070020D807002000
:106A100070B50C46054650B94FF0500372B683F37B
:106A20001188BFF36F8FBFF34F8F62B6FEE751B986
:106A30004FF0500372B683F31188BFF36F8FBFF32B
:106A40004F8F62B6FEE700F085FC0F4B1968236894
:106A50005A1C10D00D482E6800686A68864201D022
:106A60008A420FD9881A83420AD95B1A28461344EE
:106A70002360FFF7C1FF002400F090FC204670BDAA
:106A8000002323600124F7E7D8070020C407002073
:106A9000014B01221A607047C8070020054B1B6894
:106AA00033B1054B1868B0FA80F0400940007047D8
:106AB00001207047D0070020B807002038B508B97A
:106AC000002038BD1D4B1C6884420AD04FF0500393
:106AD00072B683F31188BFF36F8FBFF34F8F62B627
:106AE000FEE7236D53B94FF0500372B683F311885C
:106AF000BFF36F8FBFF34F8F62B6FEE7E16A013BD2
:106B0000E26C23659142DBD0002BD9D1251D2846AC
:106B1000FEF7EDFFE36CC3F13802E362A261084ABD
:106B200011688B4200D91360064A1420294600FBE5
:106B30000320FEF7BAFF0120C3E700BFB00C00201E
:106B4000D407002050080020914208B54160006140
:106B50000AD8D21A83699A420DD2011D074B1868D0
:106B6000FEF7AEFF002008BD9A4201D2994202D240
:106B7000011D034BF3E70120F5E700BFB00D002036
:106B8000B40D0020F7B5114C00F0E4FB2568BDB949
:106B90000F4F104E3846FEF77AFF3046FEF777FF6C
:106BA0000D4B0E4A10211F600A200D4B1E600D4B2D
:106BB0000095FFF7C1F8206010B10B49FFF7D2FA3A
:106BC00003B0BDE8F04000F0E9BB00BFAC0D002011
:106BD000CC0D0020B80D0020B40D0020040D0020C5
:106BE000B00D0020B40C002007BF000810B588B01D
:106BF000FFF7C8FF134B1B68B3B1002407AA06A90F
:106C000005A8CDE9054400F03DFA059B079A0293DB
:106C1000069B0D49019302230C4800932346FFF77E
:106C200038FC0B4B186050B94FF0500372B683F329
:106C30001188BFF36F8FBFF34F8F62B6FEE701205D
:106C400008B010BDAC0D00200CBF0008296D000875
:106C5000A80D00207FB5154604461A4650B94FF0DE
:106C6000500372B683F31188BFF36F8FBFF34F8F5A
:106C700062B6FEE70D4E306888B105290294CDE971
:106C800000150EDCFFF70AFF034669463068022B49
:106C90004FF000030CBF089A1A46FFF78AF804B0B9
:106CA00070BD00236946FFF73EF9F8E7AC0D002000
:106CB000F7B51B4D2B681A682AB91A4A1168136078
:106CC000296003B0F0BDDB68DC681E68271D38460C
:106CD000FEF70DFF236A2046984794F828305B079B
:106CE000E8D5A36933449E4206D2394628686360DA
:106CF0002461FEF7E5FEDDE7002332462046194613
:106D00000093FFF7A7FF0028D4D14FF0500372B6CD
:106D100083F31188BFF36F8FBFF34F8F62B6FEE727
:106D2000B40D0020B00D00202DE9F043794F87B05D
:106D3000794E3B68D3F80080B8F1000F28D0DB68AB
:106D40000024D3F80080FFF75BFCFFF761FC336899
:106D5000054698421ED3306024B3704B1B681C68F4
:106D6000B4FA84F464096E4B2246A8EB0501186856
:106D7000FFF70AFAFFF7ECFC88B94FF0E0234FF079
:106D80008052C3F8042DBFF34F8FBFF36F8F06E01F
:106D90000124D8E7FFF78CFF3560FFF7D9FCDFF857
:106DA00080813AE08045DED8FFF7D2FC3B68DB68A3
:106DB000D3F80C9009F10400FEF799FE99F82830F9
:106DC00058071BD5D9F8181043462A46484641446F
:106DD000FFF7BAFEB0B1234642462146484600942A
:106DE000FFF738FF70B94FF0500372B683F3118884
:106DF000BFF36F8FBFF34F8F62B6FEE723F001033F
:106E000089F82830D9F8203048469847C7E7039BCF
:106E100005999847029B002B0BDA002202A9D8F8AB
:106E20000000FFF7E4F8002883D0029B0498002BB1
:106E3000EDDB049C636993B9FFF7EAFB3368054611
:106E4000984201D2FFF734FF029B3560092BE4D84A
:106E5000DFE803F0090909353C570909353C201DD5
:106E6000FEF745FEE8E794F828302A46A169204657
:106E700043F0010384F82830039B1944FFF764FEB4
:106E80000028CAD0236A2046984794F8283059072A
:106E9000C3D5A26900230399204600930A441946EA
:106EA000FFF7D8FE0028B8D14FF0500372B683F335
:106EB0001188BFF36F8FBFF34F8F62B6FEE794F870
:106EC000283023F0010384F82830A6E794F828300E
:106ED000039943F00103A16184F8283051B94FF0C0
:106EE000500372B683F31188BFF36F8FBFF34F8FD8
:106EF00062B6FEE72B462A4629442046FFF724FEC9
:106F00008BE794F828309A07DBD4204600F080F90C
:106F100083E700BFB40D0020A40D0020B00D0020B9
:106F2000AC0D0020EFF3058313B16FF0050070473F
:106F3000EFF31082074B12B9EFF3118212B11A6806
:106F4000022AF2D0186810B901221A6070474FF077
:106F5000FF307047981A002008B5EFF3058313B18E
:106F60006FF0050008BDEFF310820A4B12B9EFF382
:106F7000118212B11A68022AF2D01A68012A05D1C8
:106F800002221A60FFF7F2FA0020EBE74FF0FF3021
:106F9000E8E700BF981A0020F0B5144687B0002239
:106FA0000B460592EFF305824ABBEFF3108212B94C
:106FB000EFF311821AB1204A1268022A1FD0F0B1F1
:106FC0005CB3A56925B16A1E372A02D9002017E0F3
:106FD00018256268D207F9D466699EB1B2082168A3
:106FE000D4E9027C8FB1BCF15B0F08D9246934B1BC
:106FF0002EB10095CDE90147FFF74BFA05900598B2
:1070000007B0F0BD4FF48072E9E7BCF1000FF6D194
:107010002469002CF3D10C4602E018254FF480724D
:1070200005A992B2CDE900512146FFF770FA012877
:107030001CBF00230593E2E7981A002008B5EFF380
:10704000058313B16FF0050008BDEFF3108313B98A
:10705000EFF311831BB1044B1B68022BF2D008B174
:10706000FFF7ECFB0020EFE7981A0020034B0360CA
:10707000034B0B604FF48073136070473C1A002081
:107080003C160020034B0360034B0B604FF400736E
:1070900013607047E0150020E00D0020104B10B584
:1070A0001A461B688342FBD354681119884201BFFA
:1070B0004168104609195160446801198B420CD18E
:1070C000084909688B4203D0596821444160196816
:1070D0009042016018BF106010BD1946F8E700BF6C
:1070E000AC1A0020A81A00202DE9F0410446FFF751
:1070F00087FA4149414D0B680BBB414A5607414E47
:107100001BBFD01D02F500424FF4004320F00700E2
:107110001CBF131A02460020134432607060083B03
:1071200023F00703C3E90000981A0B60C2E900309E
:10713000354B1860354B18604FF000432B602E68BC
:10714000264254D1002C43D004F1080360071CBF31
:1071500023F007030833002B49D02C4F3C689C4296
:1071600045D3284A15686868984204D2D5F800C00B
:10717000BCF1000F17D10968A94238D02968D2F8AC
:1071800000801160C21A102A14D9E81841070DD0E6
:107190004FF0500372B683F31188BFF36F8FBFF3C4
:1071A0004F8F62B6FEE72A466546DCE742606B60B9
:1071B000FFF774FF6A6800231349A41A164308688E
:1071C0003C6084426E602B6038BF0C6008F108049C
:1071D000FFF7BEFA63070CD04FF0500372B683F38B
:1071E0001188BFF36F8FBFF34F8F62B6FEE70024A5
:1071F000EEE72046BDE8F081A81A00209C1A002086
:10720000B41A0020AC1A0020A01A0020A41A0020F2
:1072100010B50446002832D0194A50F8043C1268D0
:1072200013420AD14FF0500372B683F31188BFF3B3
:107230006F8FBFF34F8F62B6FEE750F8081C51B155
:107240004FF0500372B683F31188BFF36F8FBFF313
:107250004F8F62B6FEE723EA020340F8043CFFF7D3
:10726000CFF9084A54F8043CA4F1080011680B4413
:107270001360FFF713FFBDE81040FFF769BA10BDB8
:107280009C1A0020A41A002008480068006880F3B7
:1072900008884FF0000080F3148862B661B6BFF32F
:1072A0004F8FBFF36F8F00DF00BF000008ED00E0DD
:1072B000DFF80C00016841F47001016070470000C4
:1072C00088ED00E0002382B001930F4B1B6801336F
:1072D0000AD04FF0500372B683F31188BFF36F8F5B
:1072E000BFF34F8F62B6FEE74FF0500372B683F3E1
:1072F0001188BFF36F8FBFF34F8F62B6019B002BD6
:10730000FCD002B0704700BF180000204FF080731F
:1073100021F0010140F8202C44380364034BC16381
:1073200083636FF002030362704700BFC5720008F9
:10733000074B19680868B0E8F04F80F30988BFF37D
:107340006F8F4FF0000080F311887047AFF300801B
:10735000B00C00204FF0500372B683F31188BFF3D6
:107360006F8FBFF34F8F62B60B4A13680133012B47
:10737000136010D14FF0E023D3F8043DDBB253B1DA
:107380004FF0500372B683F31188BFF36F8FBFF3D2
:107390004F8F62B6FEE7704718000020094A136855
:1073A00053B94FF0500372B683F31188BFF36F8F58
:1073B000BFF34F8F62B6FEE7013B13600BB983F357
:1073C0001188704718000020000000000000000035
:1073D000EFF30980BFF36F8F154B1A681EF0100F83
:1073E00008BF20ED108A20E9F04F10602DE9090058
:1073F0004FF0500072B680F31188BFF34F8FBFF388
:107400006F8F62B6FFF740FA4FF0000080F31188EB
:1074100009BC19680868B0E8F04F1EF0100F08BFEB
:10742000B0EC108A80F30988BFF36F8F704700BFFC
:10743000B00C002008B54FF0500372B683F31188EA
:10744000BFF36F8FBFF34F8F62B6FFF7E7F828B136
:107450004FF0E0234FF08052C3F8042D002383F354
:10746000118808BD4FF0E02200234FF47A711361B8
:107470009361044B1B68B3FBF1F3013B536107239A
:1074800013617047000000202C4B37B51A78D2B238
:107490000192FF221A701B78294ADBB28DF8033063
:1074A0009DF8033003F0500313700723254A13603F
:1074B0009DF80300591E00060CD4032B13D04FF087
:1074C000500372B683F31188BFF36F8FBFF34F8FF2
:1074D00062B6FEE79DF8033011605B00DBB28DF809
:1074E00003300B46E4E74FF440734FF0E0240025EF
:1074F0001360019B114ADBB21370D4F8203D43F4B2
:107500007003C4F8203DD4F8203D43F07043C4F824
:10751000203DFFF7A7FF0C4B1D60FFF7C9FED4F815
:10752000343F43F04043C4F8343FFFF7ADFEFFF76C
:10753000ABF92846FFF7C6FE03B030BD00E400E01B
:10754000B89A0020B49A002018000020EFF30583B9
:107550000F2B10D9134A9B5C134A12789A420AD90E
:107560004FF0500372B683F31188BFF36F8FBFF3F0
:107570004F8F62B6FEE74FF0E0230C4AD3F80C3D84
:10758000126803F4E06393420AD94FF0500372B6D5
:1075900083F31188BFF36F8FBFF34F8F62B6FEE79F
:1075A000704700BFF0E300E0B89A0020B49A0020D2
:1075B0002DE9F047089D0F4604468C46002B48D124
:1075C0008A42164661D9B2FA82F34BB1C3F1200266
:1075D00001FA03FC20FA02F29E4042EA0C0C9C40A5
:1075E0004FEA164EB7B2BCFBFEF1220C0EFB11CCDB
:1075F00042EA0C4201FB07F0904209D9B21801F1AE
:10760000FF3C80F0EE80904240F2EB800239324441
:10761000121AA4B2B2FBFEF00EFB102244EA02449E
:1076200000FB07F7A74209D9341900F1FF3280F0B7
:10763000DA80A74240F2D7803444023840EA014061
:10764000E41B00211DB1DC400023C5E90043BDE877
:10765000F0878B4206D90DB1C5E90001002108462B
:10766000BDE8F087B3FA83F1002948D1BB4202D3C9
:10767000824200F20781841A67EB030201209446DC
:10768000002DE4D0C5E9004CE1E7002A00F092802B
:10769000B2FA82F3002B40F0A8808A1A4FEA164E05
:1076A0001FFA86FC0121200CB2FBFEF70EFB17220D
:1076B00040EA02420CFB07F0904207D9B21807F1EA
:1076C000FF3802D2904200F2E2804746121AA4B27A
:1076D000B2FBFEF00EFB102244EA02440CFB00FC5D
:1076E000A44507D9341900F1FF3202D2A44500F2B3
:1076F000CB801046A4EB0C0440EA0740A2E7C1F19E
:1077000020068B4022FA06FC4CEA030C07FA01F42F
:1077100020FA06F3F7404FEA1C49234300FA01F828
:107720001FFA8CFEB7FBF9F01C0C09FB107744EA3A
:10773000074400FB0EF7A74202FA01F20AD91CEB3C
:10774000040400F1FF3A80F09B80A74240F2988049
:1077500002386444E41B9FB2B4FBF9F309FB134401
:1077600047EA044403FB0EFEA64509D91CEB0404BA
:1077700003F1FF3780F08280A6457FD9023B644445
:1077800043EA0040A4EB0E04A0FB02E7BC427346B0
:10779000B94663D360D05DB1B8EB030264EB090472
:1077A00004FA06F622FA01F31E43CC40C5E9006450
:1077B00000214CE76208480842EAC1710B0C43EA19
:1077C00000438AB242EA0342B3FBF6F1E407B4464F
:1077D0003746B6461F23B0FBF6F0D21B41EA004104
:1077E00061E7614614E7104628E7C3F1200120FA5B
:1077F00001F29E4027FA01F19F403A434FEA164EAC
:107800001FFA86FCB1FBFEF70EFB1710110C41EAC4
:10781000004107FB0CF8884504FA03F43AD97118C3
:1078200007F1FF3001D288451FD8A1EB0801B1FB59
:10783000FEF808FB0CF70EFB181192B242EA014267
:10784000BA422FD2B21808F1FF31C6D2BA42C4D21E
:10785000A8F102013244C0E7F0459CD2BEEB02031E
:1078600067EB0C070138B94695E7A6EB08084144D9
:10787000B81EB1FBFEF808FB0CF7DCE73B467FE7E0
:10788000504667E70846FBE63444023832E7023FD9
:1078900032441BE7A1EB08013846B1FBFEF808FBB8
:1078A0000CF7C8E7414698E770B504460D4645EC2D
:1078B000104B164602F0FCF851EC100B7EB1C5F3EC
:1078C0000A53C3F16B03002B09DD1B0503F17F5540
:1078D000002405F5401522462B46F8F7B1FE41EC91
:1078E000100B70BD000000002DE9F04F9DB00E465A
:1078F00015920022049018924FF000084FF00009F2
:1079000017910A782B2A0D4601F101011DD00BD8E1
:107910000D2A06D8082AF3D87AB100230B939A4689
:1079200083E0202AECD0F8E72D2A10D10122691C2F
:1079300017910B926A78002A37D1159B1796002B66
:1079400040F0958542464B462AE00022EFE70021B1
:107950000B91302A40F09B806A7802F0DF02582AAF
:107960005AD102930B9B019318AB0093814A049860
:1079700019AB17A901F086F910F00F06044605D0DF
:10798000062E14D10135002317950B93159B002B60
:1079900040F06F850B9B002BD4D0424609F1004389
:1079A00043EC102B1DB0BDE8F08F0D46D1E7189ABF
:1079B0003AB135211AA802F075F91899049801F026
:1079C0003BFD013E042E06D8DFE806F014031E211D
:1079D0001400DDE91A89E00548BF49F0004929F0A3
:1079E00000431B0D1B05002BD0D101F02FF82223E3
:1079F0000360CBE7DDE91A83199A23F4801302F2BE
:107A0000334243EA0259E6E7DFF87091E3E76FF0AB
:107A100000494FF0FF38DEE7013517952B78302B02
:107A2000FAD0002BB2D04FF0010A00272B460E9758
:107A3000BB460A21184613F8014BA4F13002092A6B
:107A400028D94D49012200F04DFF002834D00020F4
:107A5000CDE9060022465C46652A01D0452A14D1AC
:107A600024B95AEA00033FF468AF0024179E731C40
:107A7000179372782B2A73D02D2A77D04FF0000CF1
:107A8000A2F13003092B7FD9179600239EE04FF017
:107A9000000ACAE7BBF1080FD8BF0E9A1793DBBFE5
:107AA00001FB0242303A01FB07420E92C8BFA2F12D
:107AB00030070BF1010BBDE7179B5A1C17925A7840
:107AC000BBF1000F34D006905C46A2F13003092BC5
:107AD00012D901230793BFE7179B5A1C17925A78B4
:107AE0000130302AF8D0A2F13103082B00F2C6840D
:107AF0000690179D00200446303A00F1010311D092
:107B0000069919440691234620440A21834203F131
:107B100001040FD1082B18DC0E990A2303FB012363
:107B20000E930023179A511C179152781846CCE7F0
:107B30005846D6E7082B04DC0E9C4C430E940133C8
:107B4000E4E7102CD8BF4F43F9E70F2BDCBF0A2323
:107B500003FB0727E5E700210123CDE9061380E7B2
:107B60004FF0000CB31C1793B27889E74FF0010C6B
:107B7000F8E700BF94C1000814BF00080000F07FC0
:107B8000179B5A1C17925A78302AF9D0A2F1310368
:107B9000082B3FF67AAF179B0593A2F1300E013305
:107BA00017931A78A2F1300109293CD905995B1A7B
:107BB000082B44F61F633CDC9E457146A8BF19465E
:107BC0000591BCF1000F02D0059B5B420593002C90
:107BD00050D15AEA00007FF4D9AE079B002B7FF406
:107BE000ACAE692A29D026DC492A26D04E2A7FF459
:107BF000A4AEA14917A801F067FA00283FF49DAE92
:107C0000179B1B78282B2FD19C491AAA17A801F083
:107C10006FFA052828D11B9BDDF8688043F0FF49E7
:107C200049F4E009B2E60A2101FB0E22A2F1300E6E
:107C3000B5E70593C5E76E2AD9E7914917A801F082
:107C400043FA00283FF479AE179B8E49013B17A8F1
:107C5000179301F039FA10B9179B01331793DFF826
:107C600034924FF0000891E6874800F02DFF59EC60
:107C7000108B8BE6DDE905320E989B1ABBF1000FE5
:107C800008BFA346102C0A93A246A8BF4FF0100AC3
:107C9000F8F7E0FB092C8046894613DC0A9B002B91
:107CA0003FF474AE0A9B73DD162B5ADC774901EB67
:107CB000C301D1E9000142464B46F8F7C1FC8046BA
:107CC000894663E6714B03EBCA0353E91223F8F7C5
:107CD000B7FC804638468946F8F7BCFB02460B469F
:107CE00040464946F8F77AFA0F2C80468946D5DD9A
:107CF0000A9BA4EB0A0A9A44BAF1000F40F397805A
:107D00002AF00F061AF00F0A51D1B6F59A7F5EDC01
:107D10000023DFF87CA13611404649461F46012E5C
:107D200079D10BB1804689465949A9F1547901EBC3
:107D3000C70142464B46D1E90001F8F781FC554B9B
:107D40000A460B4054498B42804640D8A1F5801129
:107D50008B4286BFDFF844914FF0FF3802F154792F
:107D600032E00A9AC4F125039342C1DB474DC4F1C6
:107D70000F0405EBC40142464B46D1E90001F8F778
:107D80005FFC0A9B1C1B05EBC405D5E9002394E7A7
:107D90001633ADDBDDE905239A1A3C4B03EBC20336
:107DA000D3E9002340464946F8F774FD87E7374991
:107DB00001EBCA0142464B46D1E90001F8F740FC0D
:107DC00080468946002EA0D100230793A0E000241E
:107DD00005940E940694049ADFF8B8902223136059
:107DE0004FF000080E9B002B3FF4D0AD189904987B
:107DF00001F022FB0699049801F01EFBDDE9040165
:107E000001F01AFB0E99049801F016FB0498214624
:107E100001F012FBBAE5F20704D5DAE90023F8F71E
:107E20000FFC0123013776100AF1080A77E7CBD05F
:107E3000CAF1000A4FEA2A161AF00F0A0DD11F2EB6
:107E40002EDD002405940E940694049A22234FF00C
:107E500000084FF000091360C4E70C4B03EBCA03A2
:107E600040464946D3E90023F8F714FD8046894689
:107E7000002EA9D0E3E700BF1FBF000880C10008A3
:107E800016BF000819BF00088BBC000808C3000813
:107E9000E0C200080000F07F0000A07CFFFFEF7F41
:107EA00016F0100318BF6A23764F079340464946E1
:107EB0000023F20704D5D7E90023F8F7C1FB01231B
:107EC000761007F10807F4D10BB180468946079B6D
:107ED000B3B1C9F30A52C2F16B03002B49460FDD5F
:107EE0001F2B57DD342BDEBF4FF0FF33C2F14B02A7
:107EF00093404FF00008CCBF4FF05C7903EA0109D2
:107F00000022002340464946F8F702FE002898D197
:107F10000E9B0093049823465A46294601F0F4FA32
:107F20000E9000283FF453AFDDE905239B1A0A9A0F
:107F3000002AA8BF00231293002422EAE2731493BC
:107F400005940E9B0498596801F038FA06900028B1
:107F50003FF441AF0E9B1A69023203F10C0192000B
:107F60000C3000F0A0FD49EC108B04981AAA19A956
:107F7000CDE90C8901F00CFE189000283FF42BAFDE
:107F80000498012101F056FB0590034648B90023EF
:107F9000059320E74FF0FF3202FA03F303EA0808E3
:107FA000AEE7199D1A9A002DABBF129B149B149E2D
:107FB000129FACBFEF185E1B079BED1A1544324BA6
:107FC000013D9D42C2F136024FDA5B1B1F2BA2EB33
:107FD00003024FF001013CDC01FA03FA4FF0000B01
:107FE000BD18079BAF4216441E443B46A8BF2B4614
:107FF000B342A8BF3346002BC2BFED1AF61AFF1AD0
:10800000129B002B16DDDDE904011A4601F0D2FBBC
:1080100005900028BBD00146189A049801F020FB77
:108020000F9000283FF4D7AE1899049801F004FA95
:108030000F9B1893002D1BDC0A9B002B26DD149A46
:108040000699049801F0B6FB0690F8B90023069350
:10805000C1E6C5F17F4505F57F0505F57B45E235B0
:1080600001FA05FB4FF0010ABAE74FF0000BF9E700
:10807000189904982A4601F0F9FB18900028DBD1E2
:10808000A9E600BFA8C1000802FCFFFF002E07DD23
:1080900006990498324601F0E9FB06900028D5D0F5
:1080A000002F08DDDDE904013A4601F0DFFB059011
:1080B00000283FF490AE069A1899049801F060FCED
:1080C000044600283FF487AEC3680F930023059948
:1080D000C36001F039FC00283CDA0F9B53EA080327
:1080E0005ED1C9F313034D46002B59D129F000434B
:1080F0001B0D1B05B3F1D66F52D9636913B9236900
:10810000012B4DDD21460122049801F0AFFB0599BA
:10811000044601F019FC002842DDAD4B079A2B40C4
:10812000002A5FD0B3F1D66F5CD8B3F15C7F7FF6E5
:108130008CAEA84B404649460022F8F781FAA44B82
:108140000B4080468946002B7FF450AE049A2223D0
:1081500013604BE64D4662D10F9AC9F3130342B345
:108160009D4A934228D1079B4146EBB1984B2B4047
:10817000B3F1D46F4FF0FF3219D81B0DC3F16B036D
:1081800002FA03F3994217D1944B9D4202D1013177
:108190003FF421AE8E4B2B4003F580194FF00008C1
:1081A000079B002BC5D121E64FF0FF33EAE71346CA
:1081B000E8E753EA0803B0D0BBF1000F1BD01BEA7D
:1081C000050FEDD00F9B079A40464946B3B1FFF724
:1081D0006BFBDDE90C0153EC102BF7F7FFFF80463A
:1081E0008946DDE7A3F580136FEA13596FEA095951
:1081F0004FF0FF38D4E71AEA080FE2E7FFF754FB25
:10820000DDE90C0153EC102BF7F7E6FF0022002309
:1082100080468946F8F77CFC0028C1D015E6059910
:10822000204601F00DFD57EC106B00224FF080430B
:1082300030463946F8F780FC002870D00F9B002BA1
:108240007BD1B8F1000F56D1C9F31303002B58D1DD
:10825000634B002230463946F8F764FC002859D1B8
:10826000604B002230463946F8F7EAF982468B46E1
:108270000BF10043CDF820A00993554B544A2B40F5
:108280001393594B2A409A42DDE9086740F0B080C9
:10829000A5F1547949EC108B01F00AFCDDE90823C3
:1082A00051EC100BF8F7CCF942464B46F7F796FF26
:1082B000474D4E4A0D409542804645D90D9A474B51
:1082C0009A4203D10C9B01333FF485ADDFF80C914A
:1082D0004FF0FF381899049801F0AEF80699049809
:1082E00001F0AAF8DDE9040101F0A6F8049821469E
:1082F00001F0A2F825E6B8F1010F02D1002D3FF4FC
:10830000A4AD9FED2B7BDFF8D8B08DED087B4FF04F
:10831000000AB2E7DFF8CCB04FF0000AA8E7314B13
:10832000002230463946F8F78BF90F9B82468B4680
:10833000002B9DD0CDE908AB9FE79FED1F7B8DED16
:10834000087B5BEC17AB98E701F15479079B002B96
:10835000C0D129F00043139A1B0D1B059A42B9D1D5
:108360005046594602F0A8FBF8F7C0F802460B4603
:1083700050465946F7F730FF0F9AC9F3130343EA03
:108380000803134306460F466BD00DA3D3E9002321
:10839000F8F7C8FB00287FF429AD0BA3D3E900232D
:1083A00030463946F8F7DCFB002893D01EE500BFC5
:1083B000000000000000F0BF000000000000F03FDF
:1083C0009535A094FFFFDF3F35E5AF350000E03F76
:1083D0000000F07F00005039FFFF0F00FFFFEF7F2C
:1083E0000000F03F0000E03F0000E07FFFFF9F7CC7
:1083F000079B13B3139BB3F1D46F1ED824A3D3E907
:10840000002350465946F8F797FB90B1594650461D
:10841000F8F7C6FB012838BF0120F8F71BF80F9BBF
:1084200082468B46D3B901F1004310901193DDE9E8
:108430001067139A07F1D6639F1A9DED0C0B01F09C
:1084400037FB304653EC102B3946F8F7F9F8DDE9E5
:108450000C23F7F7C3FE8046894677E7CDE910ABDA
:10846000E5E70DA3D3E90023F8F75CFB9CE70023C5
:108470000B93159A179B1360FFF78CBA652A3FF48C
:108480006AAB452A3FF467AB01230793FFF7A1BB13
:108490000000C0FFFFFFDF419535A094FFFFCF3FF5
:1084A0002DE9F041DFF8BC80294B0A462DED028B07
:1084B0000146D8F80000FFF717FA55EC104B22469A
:1084C0002B4620462946F8F755FB90B1002D214850
:1084D00009DA00F001FBB1EE408AB0EE480ABDECCB
:1084E000028BBDE8F081BDEC028BBDE8F04100F0ED
:1084F000F3BA20462946F8F773FB08EE100ADFEDC1
:10850000167AB0EEC87AB4EE677AF1EE10FA11DDA1
:1085100025F00047114B4FF0FF3220463946F8F75F
:1085200029FB80B90D4B4FF0FF3220463946F8F752
:1085300003FB40B918EE103A13F0FF4FCDD1084BB2
:108540002B40002BC9D0D8F8003022221A60C4E793
:10855000280000208BBC0008FFFF7F7FFFFFEF7F1C
:108560000000F07F940100202DE9F043344E864650
:108570000D46284615F8014B375D17F00807F8D16E
:108580002D2C10D12C780127851C33F0100015D12B
:10859000302C0DD1287800F0DF00582808D16C78F5
:1085A000023510230AE02B2C04BF2C78851CECE745
:1085B000002BF6D1302C14BF0A2308234FF0FF38CC
:1085C0000026B8FBF3F803FB08F96FEA0909304607
:1085D000A4F1300CBCF1090F10D86446A3421EDD93
:1085E000B6F1FF3F07D0804516D301D1A14513DB7B
:1085F00000FB0340012615F8014BE9E7A4F1410C0B
:10860000BCF1190F01D8373CE8E7A4F1610CBCF1CB
:10861000190F04D8573CE1E74FF0FF36EBE7731C26
:1086200006D12223CEF80030304632B9BDE8F083BF
:1086300007B14042002AF9D006B1691E1160F5E782
:10864000D1C1000813460A46014602480068FFF7F8
:108650008BBF00BF94010020002310B50446C0E981
:108660000033C0E90433836081814366C281836142
:10867000194608225C3000F02DF90D4B63620D4B5A
:10868000A3620D4BE3620D4B23630D4B24629C42AE
:1086900006D003F16802944202D0D0339C4205D147
:1086A00004F15800BDE8104000F0FAB910BD00BF59
:1086B0004D8800086F880008A7880008CD8800084A
:1086C000BC9A0020024A0349034800F06BB800BF7F
:1086D0001C00002021A400089801002041680C4BD8
:1086E000994210B5044601D001F09AFEA168094BE9
:1086F000994202D0204601F093FEE168064B994270
:1087000004D02046BDE8104001F08ABE10BD00BF75
:10871000BC9A0020249B00208C9B00200C4B0D4A0F
:108720000D4810B504211A600022FFF795FF0A4B8F
:1087300001221C46092103F16800FFF78DFF04F1B7
:10874000D0000222BDE810401221FFF785BF00BF14
:10875000F49B0020C5860008BC9A0020014800F068
:10876000A0B900BFFD9B0020014800F09BB900BFED
:10877000FD9B002010B50446FFF7F0FF236A1BB1F4
:10878000BDE81040FFF7F0BF044B2362044B1B68A9
:10879000002BF5D1FFF7C2FFF2E700BFDD8600082E
:1087A000F49B00202DE9F84307468846144600262E
:1087B000D4E90195B9F1010905D52468002CF7D158
:1087C0003046BDE8F883AB89012B07D9B5F90E30E7
:1087D000013303D029463846C04706436835E9E7E8
:1087E0000CB430B5184B0C1E1D689DB008DA8B23F5
:1087F0002B604FF0FF301DB0BDE8304002B0704735
:108800004FF40273ADF814304FF000031B9314BF04
:1088100004F1FF332346049307934FF6FF7302904E
:108820000690ADF81630209A21AB02A92846019394
:1088300001F0EAFA431CBCBF8B232B60002CDAD07A
:10884000029B00221A70D6E79401002010B50C4656
:10885000B1F90E1000F0D6F80028ABBF636DA38904
:108860001B1823F48053ACBF6365A38110BD2DE9B1
:10887000F0411F468B89DB0505460C46164605D59B
:10888000B1F90E100223002200F0AAF8A389B4F96E
:108890000E1023F48053A38132463B462846BDE8A0
:1088A000F04100F0C1B810B50C46B1F90E1000F05F
:1088B00097F8B4F90C30421C0BBF23F4805343F4F7
:1088C0008053A381A38118BF606510BDB1F90E105C
:1088D00000F076B802440346934200D1704703F893
:1088E000011BF9E710B56AB10139841810F8012BA2
:1088F00011F8013F9A4203D1A04201D0002AF5D1DC
:10890000D01A10BD1046FCE7164B70B51E68726C8D
:1089100004460D46F2B9502000F088FC024670640F
:1089200020B9114B11485B2100F0DCF80023C0E9AD
:108930000033C0E90233C0E90433C0E90A33C0E9B7
:108940000C33C0E90E33C0E91033C0E91233836140
:1089500003774362294620460123BDE8704000F0BA
:1089600007B800BF9401002022BF000839BF0008EB
:10897000F0B5044608B9146844B1204614F8015B08
:108980000F4617F8016B1EB965B91560002005E0A8
:10899000B542F6D1002BF0D114600370F0BD1C4637
:1089A0000CE01DB9274614F8013B0E4616F8015B92
:1089B000AB42F6D1002BF2D000233B701460EDE700
:1089C00038B5064D0023044608462B6002F0AAF88D
:1089D000431C02D12B6803B1236038BDF89B0020F3
:1089E00038B5074D04460846114600222A601A464B
:1089F00002F0C0F8431C02D12B6803B1236038BDDC
:108A0000F89B002038B5074D044608461146002261
:108A10002A601A4602F0B6F8431C02D12B6803B153
:108A2000236038BDF89B002038B5074D0446084642
:108A3000114600222A601A4602F0BAF8431C02D1FD
:108A40002B6803B1236038BDF89B0020014B1868E8
:108A5000704700BF9401002070B50D4B0D4D5B1B9E
:108A60009C100026A64209D103F0C4F80A4D0B4B16
:108A70005B1B9C100026A64205D170BD55F8043B37
:108A800098470136EEE755F8043B98470136F2E780
:108A9000E0C70008E0C70008E0C70008E4C7000816
:108AA0007047704770470A44914200F1FF3300D18C
:108AB000704710B511F8014B03F8014F9142F9D1FD
:108AC00010BD0000000000009FED010B704700BFCB
:108AD000000000000000F87F9FED010A704700BF12
:108AE0000000C07F1FB514461A46094B1B68054697
:108AF000D8684CB1074B0091CDE9013406492B46AB
:108B000001F0B6FC01F0F0FC044B1C46F3E700BF9B
:108B1000940100209CBF0008A9BF00088BBC00087E
:108B200038B50546002941D051F8043C0C1F002BF4
:108B3000B8BFE41800F036FC1D4A136833B963600F
:108B400014602846BDE8384000F032BCA34208D982
:108B5000206821188B4201BF19685B6809182160E1
:108B6000EDE71A465B680BB1A342FAD911685018B9
:108B7000A0420BD120680144501883421160E0D11B
:108B800018685B68536008441060DAE702D90C2368
:108B90002B60D6E7206821188B4204BF19685B68F8
:108BA000636004BF091821605460CAE738BD00BF84
:108BB000049C00200369B3EB611F2DE9F0434FEAE9
:108BC000611200F1140445DD11F01F0104EB83066E
:108BD00004EB82050CD100F110072946B14234D3D1
:108BE0009B1A9B00EA1E964238BF0023234415E0DF
:108BF00054F82270C1F12008CF4005F1040EA146BF
:108C00007645F44615D89A1A9200043A0135AE42D8
:108C100038BF0022A318A75007B104331A1BA34280
:108C20004FEAA20208BF0023026108BF4361BDE80A
:108C3000F083DCF800C00CFA08FC4CEA070749F89E
:108C4000047B5EF8047BCF40DAE751F804CB47F8A9
:108C500004CFC3E72346E1E7A0F13003092B02D894
:108C60002038C0B27047A0F16103052B01D8473806
:108C7000F7E7A0F14103052B01D82738F1E70020E1
:108C8000704700002DE9F04F85B08A4602930B68CB
:108C9000019090469C1CA14614F8010B3028FAD094
:108CA000A9EB0303A3F1020BFFF7D6FF054600284B
:108CB00068D1A04901224846FFF714FE0746002864
:108CC00067D199F801002646FFF7C6FF002862D059
:108CD000234618783028994603F10103F9D0FFF7AD
:108CE000BBFFB0FA80F56D094FF0010B4A461646FE
:108CF00001323078FFF7B0FF0028F8D18D4901220A
:108D00003046FFF7EFFD00283FD144B9741C2246DE
:108D1000164601323078FFF79FFF0028F8D1A41BD8
:108D2000A700337803F0DF03502B3ED173782B2B51
:108D300033D02D2B34D0711C00240878FFF78CFF22
:108D4000431EDBB2182B30D8A0F1100211F8010F2E
:108D5000FFF782FF00F1FF3C5FFA8CFCBCF1180FBB
:108D60004FF00A031ED904B152421744CAF800104A
:108D7000EDB1BBF1000F0CBF06250025284605B05C
:108D8000BDE8F08F00252C46B0E7002CC7D1274660
:108D9000C7E74E462F460125C3E70024B11CCCE7A8
:108DA0000124FBE703FB0200CEE73146DEE7A6EB3A
:108DB0000903013B2946072B0ADC019800F0FEFA63
:108DC000044640B95C4B0246E4215C48FFF78AFE4A
:108DD00001315B10EFE700F1140A002355469B4672
:108DE000B14537D345F804BBA5EB0A05AD102561A5
:108DF000584600F0D3FB6D01D8F800602D1AB5423B
:108E000054DDAD1B2946204600F06FFF814678B146
:108E10006B1E591103F01F025AF821104FF001097F
:108E200009FA02F20A4203D04B4536DC4FF0020940
:108E300029462046FFF7BEFE2F44D8F80830BB4233
:108E400042DA0198214600F0F7FA0E9A00231360E7
:108E5000A32593E716F8012D2E2A12D0202B04D13A
:108E600045F804BB4FF0000B5B4630780393FFF7E7
:108E7000F3FE039B00F00F0098404BEA000B043315
:108E8000AEE7B145EAD82B49039301223046FFF7FC
:108E900029FD039B0028E1D1A2E7A91E204600F08E
:108EA00024FF0028C2D04FF00309C1E709DA751B7F
:108EB000214601982A4600F0D9FC7F1B044600F1A8
:108EC000140A4FF00009B8E7D8F80450BD426FDD2E
:108ED000ED1BAE4234DCD8F80C30022B22D0032B31
:108EE00024D0012B15D1AE4213D1012E0BD1029A01
:108EF000D8F80430136001232361CAF800300E9BB8
:108F000062251C603AE7711E204600F0EEFE002844
:108F1000EDD10198214600F08FFA0E9A00231360DC
:108F200050252BE70F9B002BF3D1E0E70F9B002B85
:108F3000DDD1EEE714BF0008D8BF0008E9BF000884
:108F40006F1EB9F1000F30D127B13946204600F02D
:108F5000CCFE81467A1101235AF8222007F01F0720
:108F6000BB4013422946204618BF49F00209FFF7CB
:108F700021FED8F80470761B0225B9F1000F47D006
:108F8000D8F80C30022B15D0032B17D0012B09D1A8
:108F900019F0020F06D0DAF8003049EA030919F097
:108FA000010F0ED145F0100532E04FF00109D1E775
:108FB0000125E2E70F9BC3F101030F930F9B002BE9
:108FC000F0D0D4F810B004F114034FEA8B0A03EB8D
:108FD0008B014FF0000C184653F8042BB2F1FF3F01
:108FE0001BD001320260022D04F114033CD1D8F8E9
:108FF0000020013AB24209D17111012253F8213007
:1090000006F01F0602FA06F61E423AD145F0200588
:109010000E9B1C60029B1F60B0E6994243F804CC93
:10902000D9D8A3689B4517DB61680198013100F02E
:10903000C5F9814618B91A4B02468421C5E6226952
:10904000023204F10C0192000C30FFF72CFD214696
:10905000019800F0F1F94C4623695A1C04EB830394
:10906000226101225A61BEE722695A450BDD0121C6
:109070002046FFF79FFDD8F808300137BB42FFF6C6
:10908000E0AE0125C2E716F01F06FAD05344C6F140
:10909000200653F8040C00F081FAB042E7DBF0E759
:1090A000D8BF0008C2F10802920070B5C2F12006D4
:1090B0004368046803FA06F52C43D340046040F883
:1090C000043F8842F4D370BD30B50368013311F812
:1090D000014B14B90360012030BD13F8012BA2F13C
:1090E0004105192D98BF2032A242F0D00020F3E7AD
:1090F0002DE9F04F0B6801685E1102EB860613F054
:109100001F0387B018BF04360025371F82469046DC
:10911000019346F8045CB9463C460295AB464A7852
:109120004B1C039342B3104605910492FFF794FD44
:10913000002853D1049A0599202A18D8029B9B45F0
:1091400013DD4C4506D2072D04DC2A46494620464D
:10915000FFF7A8FF444554D90023A4F1040944F8BB
:10916000043CCDF808B04C461D460399D7E7292AA0
:1091700059D10231CAF80010BBF1000F53D04C4551
:1091800006D2072D04DC2A4649462046FFF78AFF0F
:10919000444538D9A8F10402234653F8041B42F889
:1091A000041F9F42F9D23B1B23F003030134033E0B
:1091B000B44288BF002308F10402134400211A4678
:1091C00004339F421160FAD23B681BB9474528D14E
:1091D00001233B60052007B0BDE8F08F0135082D65
:1091E0000BF1010B06DD4445BFD9002344F8043CD4
:1091F0000125043C226800F00F0040EA02102060C4
:10920000B3E70825B1E7019B002BDDD0C3F12003B4
:109210004FF0FF32DA4056F8043C134046F8043C65
:10922000D2E7043FD0E70420D5E70000024B014617
:10923000186800F025B800BF9401002070B50F4EEB
:109240000C463168054611B901F03EF930602146FF
:10925000284601F039F9431C03D14FF0FF34204672
:1092600070BDC41C24F00304A042F8D0211A284683
:1092700001F02AF90130F2D1EFE700BF009C002095
:109280002DE9F843CD1C25F0030508350C2D38BF1A
:109290000C25002D064601DBA94204D90C233360BE
:1092A0000020BDE8F883DFF8D48000F07BF8D8F820
:1092B00000301C4644BB29463046FFF7BFFF431C25
:1092C000044658D1D8F800402746002F43D1002C3F
:1092D0004BD023683946304604EB030901F0F4F81B
:1092E000814542D121686D1A29463046FFF7A6FF15
:1092F00001303AD023682B442360D8F800305A68F4
:1093000062BBC8F800700FE02268521B20D40B2A01
:1093100017D96119A342256018BF5960636808BF57
:10932000C8F8001062514B60304600F041F804F17B
:109330000B00231D20F00700C21A1CBF1B1AA350EC
:10934000AFE76268A3420CBFC8F800205A60EBE7A1
:1093500023466468AEE73C467F68B6E71A465B681A
:10936000A342FBD100235360DEE70C233360304679
:1093700000F01EF894E70560D6E700BF049C0020CB
:1093800082B001B901A942B14BB113780B601278D8
:10939000101E18BF012002B070471046FBE76FF0A7
:1093A0000100F8E70148FFF77CBB00BFFC9B0020F1
:1093B0000148FFF777BB00BFFC9B002070B5C46974
:1093C00005460E4684B91020FFF730FF0446E861D9
:1093D00028B90246164B17486B21FFF783FB002381
:1093E000C0E901330360C360E36853B9212204215B
:1093F000284601F080F8EB69E060DB680BB90020DB
:1094000070BD53F8260030B1026843F826200023CF
:10941000C0E90333F4E7012101FA06F4621D92006A
:10942000284601F068F80028E9D0C0E90164EEE7B9
:1094300022BF00084AC0000870B5C66905460C4640
:1094400076B91020FFF7F2FE0246E86120B9094B19
:1094500009488F21FFF746FBC0E901660660C66038
:109460003CB1EB696268DB6853F82210216043F875
:10947000224070BD22BF00084AC000082DE9F0411B
:109480000D6907460C461E4601F1140C0020DCF85D
:10949000003099B202FB01611E0C0B0C02FB06337B
:1094A00089B2013001EB034185424CF8041B4FEABD
:1094B0001346ECDC0EB3A368AB4219DC6168384696
:1094C0000131FFF77BFF804628B902460C4B0D485F
:1094D000BA21FFF707FB2269023204F10C01920066
:1094E0000C30FFF7E0FA21463846FFF7A5FF444667
:1094F00004EB850301355E6125612046BDE8F081FE
:10950000D8BF00084AC000082DE9F8430C461546AC
:109510001F4609220833064693FBF2F3002101227D
:109520009A4209DB3046FFF749FF40B90246194B22
:109530001948D321FFF7D6FA52000131F0E7089B12
:109540004361092D4FF00103036116DD04F10908A1
:10955000C1462C4419F8013B0146303B0A223046F3
:10956000FFF78CFFA145F5D1A844A8F108042D1BF5
:1095700063199F4204DCBDE8F8830A340925F6E745
:1095800014F8013B0146303B0A223046FFF776FFD4
:10959000EEE700BFD8BF00084AC00008B0F5803F22
:1095A000034636BF030400201020B3F1807F3CBF88
:1095B0001B020830B3F1805F3CBF1B010430B3F1E4
:1095C000804F3CBF9B000230002B05DB13F0804F27
:1095D00000F1010008BF202070470368024613F025
:1095E00007000BD0D90721D4980749BF5B089B0817
:1095F000012013605CBF13600220704799B209B963
:109600001B0C1020D9B209B908301B0A190704BF76
:109610001B090430990704BF9B080230D90703D403
:109620005B0800F1010003D0136070470020704711
:109630002020704710B50C460121FFF7BFFE0246FF
:1096400028B9054B054840F24511FFF74BFA0123B5
:109650004461036110BD00BFD8BF00084AC00008C4
:109660002DE9F04FD1F81090D2F810A0D14585B077
:109670008846144604DB53460C46CA469046994633
:10968000A36861680AEB0906B342B8BF0131FFF76E
:1096900095FE30B90246454B45484FF4B171FFF78E
:1096A00021FA00F1140505EB86072B460022BB4288
:1096B0001FD304F1140C08F114010CEB8A0301EB25
:1096C000890202921A1B153A22F0030215349C42B9
:1096D00088BF00220192029A03918A420CD8002E80
:1096E00003DD57F8043D002B5DD0066105B0BDE8F1
:1096F000F08F43F8042BDAE7B1F800A0BAF1000FBD
:1097000024D0E046A9464FF0000E58F8042BD9F8B3
:1097100000401FFA82FBA4B20AFB0B444FEA124B33
:10972000D9F8002074444FEA124E0AFB0BE202EB18
:109730001442A4B244EA0244434549F8044B4FEAB8
:10974000124EE2D8019AAA18C2F804E0039AB2F8BD
:1097500002800431B8F1000F23D02A68E646914612
:10976000AA464FF0000BBEF8004008FB04B404EB1F
:10977000194492B242EA04424AF8042B5EF8042BE0
:10978000DAF800904FEA124B1FFA89F208FB0B221D
:1097900002EB144273454FEA124BE4D8019C2C199A
:1097A0006260043597E7013E99E700BFD8BF000823
:1097B0004AC000082DE9F843174612F0030280461C
:1097C0000D4607D0264C013A002354F82220FFF71B
:1097D00055FE0546BF103FD0D8F81C4094B9102064
:1097E000FFF724FD0446C8F81C0030B902461D4BA3
:1097F0001D4840F2B311FFF775F90023C0E90133AA
:109800000360C360A66846B940F271214046FFF785
:1098100011FF0023A060064603602C464FF00009AC
:1098200007F001037F1053B1294632464046FFF747
:1098300017FF214605464046FFF7FEFD67B1306839
:1098400038B9324631464046FFF70AFF3060C0F86B
:10985000009006462C46E3E72846BDE8F88300BFA3
:10986000D4C2000822BF00084AC000082DE9F84F02
:109870000C464968236903EB6218A368074615463E
:109880004FEA621A08F101094B450BDB3846FFF736
:1098900095FD064648B90246294B2A484FF4EF7118
:1098A000FFF720F901315B00EEE7002300F1140C13
:1098B00000F110021946534535DB22692AEAEA7A9B
:1098C0000CEB8A0C04F1140315F01F0E614603EB38
:1098D00082022CD0CEF1200A002518688B4600FAAF
:1098E0000EF02843CBF8000053F8045B9A4201F1D4
:1098F000040125FA0AF5F0D8131B153B23F00303E6
:1099000004F115018A4238BF00239C44CCF804506E
:1099100005B9C1463846C6F810902146FFF78CFDC0
:109920003046BDE8F88F42F8041F0133C3E753F80F
:10993000045B0D609A4201F10401F8D8E9E700BF29
:10994000D8BF00084AC000080A6903460069801AA7
:1099500030B50ED11433143103EB820401EB8201D4
:1099600054F8045D51F8042D954203D005D24FF010
:10997000FF3030BDA342F3D3FBE70120F9E700003D
:109980002DE9F74F8A460646114650461446FFF722
:10999000DBFF051E12D129463046FFF70FFD0246B8
:1099A00028B9414B40F237214048FFF79BF801238B
:1099B000C0E90435104603B0BDE8F08FBCBF534684
:1099C000A2463046DAF80410BABF1C46012500252D
:1099D000FFF7F4FC024618B9334B40F24521E3E7A8
:1099E000DAF810702669C5600AF1140904F1140E42
:1099F00000F114050AF1100309EB87080EEB860647
:109A00000193AB464FF0000C019B5EF8040B53F83A
:109A100004AF01931FFA8AF3194683B2CB1A000CE4
:109A20006344C0EB1A4000EB23409BB243EA00437F
:109A300076454BF8043B4FEA204CE5D8331B153BE9
:109A4000153423F00303A64238BF0023E8184B4423
:109A50001C1D04302646A5EB0905464506EB050E00
:109A60000ED308F10301091B21F0030101339845CE
:109A700038BF0021014451F8043D9BB1176199E7BB
:109A800056F8041BE2464FEA11491CFA81FC514486
:109A900009EB2C4989B241EA09414FEA294CCEF839
:109AA0000010DAE7013FE6E7D8BF00084AC0000827
:109AB00082B08DED000B019A0F4B1340A3F1507350
:109AC000002B08DC5B42B3F1A07F4FEA235204DA9B
:109AD0004FF400231341002208E0A2F114031E2BCF
:109AE000DABF4FF00042DA40012200231946104647
:109AF00041EC100B02B070470000F07F2DE9F041FF
:109B0000066900F1140808EB8606371F56F8042C86
:109B10001046FFF743FDC0F120030A280B601B49E4
:109B200015DCC0F10B0C22FA0CF3B84543EA010531
:109B300034BF56F8083C0023153002FA00F023FA2F
:109B40000CF303431C4645EC104BBDE8F081B845CF
:109B50003ABF56F8083CA6F1080700230B3812D08C
:109B6000C0F1200123FA01F482402243474542F02C
:109B70007F558CBF57F8042C00228340CA4045F41F
:109B800040151343DEE742EA0105DBE70000F03F42
:109B90002DE9F7430F46012159EC108B1646FFF7CC
:109BA0000DFC044630B90246234B244840F20F31E5
:109BB000FEF798FFC9F30A55C9F313030DB143F437
:109BC00080130193B8F1000323D068460093FFF798
:109BD00004FD0099D8B1019AC0F1200302FA03F301
:109BE0000B43C24063610192019BA361002B0CBF38
:109BF000012202222261A5B1A5F2334505443D6050
:109C0000C0F135003060204603B0BDE8F0836161EB
:109C1000EAE701A8FFF7E1FC019B63612030012224
:109C2000E8E704EB8203A0F2324038601869FFF7DE
:109C3000B5FCC0EB4210E5E7D8BF00084AC00008F9
:109C40002DE9F04F85B0CDE9001002A9FFF756FFCE
:109C5000009803A955EC104BFFF750FF019B1969C1
:109C6000009B1B69C91ADDE902329B1A5BEC10AB41
:109C700003EB4113002BCEBF2A46C3EB03335A46F6
:109C80002F46D946CCBF02EB035702EB03594B4694
:109C9000524620463946F6F7FDFD41EC100B05B063
:109CA000BDE8F08F013970B549111469013102F135
:109CB000140300EB810103EB8404051FA3420CD3C2
:109CC000A31A113B23F003031132944238BF00233F
:109CD00018440023884205D370BD53F8046B45F83F
:109CE000046FEBE740F8043BF4E700F1140200696D
:109CF0004B11984210B511DB0ADD11F01F0107D09E
:109D000052F8234024FA01F000FA01F18C420BD101
:109D100002EB8303934203D8002010BD0346F7E70C
:109D200053F8041D0029F5D00120F6E70346084644
:109D300041B1FF2A04D98A221A604FF0FF307047E0
:109D40000A70012070472DE9F0478E681F46BE4219
:109D500082460C469046334653D8B1F90C0010F4B5
:109D6000906F2BD065692368096905EB4505A3EB66
:109D7000010905EBD5757B1C6D104B44AB422A469F
:109D800084BF1D462A46430527D511465046FFF796
:109D900077FA064658B321694A46FEF784FEA3893E
:109DA00023F4906343F08003A381266165614E44F0
:109DB000A5EB09052660A5603E463B461F46206888
:109DC0003A46414600F066FBA3689B1BA3602368EC
:109DD0003B4423600020BDE8F087504600F09FFB25
:109DE00006460028E1D121695046FEF799FE0C2372
:109DF000CAF80030A38943F04003A3814FF0FF303D
:109E0000E9E73E46DBE700002DE9F04F98468B89F5
:109E10001B069DB007460D46144610D50B6973B955
:109E20004021FFF72DFA2860286130B90C233B60F0
:109E30004FF0FF301DB0BDE8F08F40236B61002371
:109E4000099320238DF82930CDF80C803023DFF8DA
:109E50009C818DF82A304FF0010923469A4613F869
:109E6000012B0AB1252AF9D1BAEB040B0BD05B46C2
:109E7000224629463846FFF766FF013000F0A780EA
:109E8000099A5A4409929AF80030002B00F09F80FA
:109E900000234FF0FF32CDE905230AF1010A0493B4
:109EA00007938DF853301A935446052214F8011B7A
:109EB0004E48F6F775FB049AD8B9D00644BF202364
:109EC0008DF85330110744BF2B238DF853309AF887
:109ED00000302A2B15D0079A544600204FF00A0C68
:109EE000214611F8013B303B092B4BD9B0B1079209
:109EF00014E0A0EB080309FA03F313430493A2460A
:109F0000D2E7039B191D1B680391002BBBBF5B426B
:109F100042F0020207930793B8BF049223782E2BD6
:109F20000AD163782A2B32D1039B1A1D1B68039236
:109F300043EAE37302340593DFF8C0A021780322DB
:109F40005046F6F72DFB38B1049BA0EB0A004022E7
:109F5000824013430134049314F8011B24488DF804
:109F600028100622F6F71CFB002836D0214B1BBB1D
:109F7000039B073323F0070308330393099B334400
:109F800009936AE70CFB02320C460120A8E7002384
:109F90000134059319464FF00A0C204610F8012BA6
:109FA000303A092A03D9002BC6D00591C4E70CFB2F
:109FB000012104460123F0E703AB00932A460E4B30
:109FC00004A93846AFF30080421C0646D6D1AB89BF
:109FD0005B063FF52DAF09982CE703AB00932A46AB
:109FE000054B04A9384600F079F8EDE7A4C0000855
:109FF000AEC0000800000000479D0008AAC000088D
:10A000002DE9F047164698468A680B69DDF82090DE
:10A010009342B8BF1346336091F8432007460C467D
:10A020000AB1013333602368990642BF33680233B3
:10A030003360256815F0060506D104F1190AE368B6
:10A0400032689B1AAB4226DC94F843302268003B0E
:10A0500018BF012392062BD404F14302414638462F
:10A06000C84701301ED02368226903F00603042B81
:10A0700002BFE5683368ED1AA3680CBF25EAE575F1
:10A0800000259342C4BF9B1AED1800261A34B5422E
:10A090001AD1002008E00123524641463846C847FD
:10A0A000013003D14FF0FF30BDE8F0870135C6E73E
:10A0B000E1185A1C302081F84300224494F84510DE
:10A0C00082F843100233C7E701232246414638464F
:10A0D000C8470130E6D00136D9E700002DE9FF4737
:10A0E0000F7E0C9E782F914680460C469A4601F1D1
:10A0F000430207D8622F0AD8002F00F0D280582FD1
:10A1000000F0B78004F1420684F842703AE0A7F10B
:10A110006303152BF6D801A151F823F075A10008AF
:10A1200089A1000805A1000805A1000805A10008F3
:10A1300005A1000889A1000805A1000805A10008E3
:10A1400005A1000805A1000889A20008B3A1000824
:10A150003FA2000805A1000805A10008ABA2000865
:10A1600005A10008B3A1000805A1000805A1000889
:10A1700047A2000833681A1D1B68326004F14206CA
:10A1800084F8423001239DE033682068191D316056
:10A19000060601D51D6803E04506FBD5B3F900505E
:10A1A000002D03DA2D236D4284F8433059480A23E9
:10A1B00010E021683368080653F8045B02D44906AE
:10A1C00048BFADB26F2F5348336059D108230021E7
:10A1D00084F843106668A660002E05DB21682E43D4
:10A1E00021F0040121604DD01646B5FBF3F103FBCD
:10A1F0001157C75D06F8017D2F46BB420D46F4D9C5
:10A20000082B0BD12368DF0708D5236961689942C1
:10A21000DEBF302306F8013C06F1FF36921B2261B7
:10A22000CDF800A04B4603AA21464046FFF7E8FEC2
:10A2300001304CD14FF0FF3004B0BDE8F087236807
:10A2400043F0200323603448782784F8457023685E
:10A2500031681F0651F8045B02D45F0648BFADB2F7
:10A260003160D90744BF43F0200323601DB11023A0
:10A27000ADE72848E9E7236823F020032360F6E7E9
:10A280000A23A4E71646BBE7336825686169181DF1
:10A2900030602E061B6801D5196002E06806FBD508
:10A2A0001980002323611646BAE733681A1D32600D
:10A2B0001E68626800213046F6F772F908B1801B0B
:10A2C000606063682361002384F84330A8E7236952
:10A2D000324649464046D0470130ABD023689B0701
:10A2E00013D4E068039B9842B8BF1846A4E7012343
:10A2F000324649464046D04701309BD00135E3689D
:10A3000003995B1AAB42F2DCEBE7002504F1190676
:10A31000F5E700BFB5C00008C6C00008B1F90C20C1
:10A320002DE9F041160705460C4651D44B68002B29
:10A3300002DC0B6C002B49DDE66A002E46D00023C0
:10A3400012F480522F682B6031D0626DA3895907B7
:10A3500005D56368D21A636B0BB1236CD21A002344
:10A36000E66A216A2846B047421CB4F90C3006D18F
:10A3700029681D2946D8294ACA40D60742D5002255
:10A380006260D9042269226004D5421C01D12B6885
:10A3900003B96065616B2F60C1B104F14403994258
:10A3A00002D02846FEF7BCFB002363630EE0216A5F
:10A3B00001232846B0470246501CC7D12B68002B0A
:10A3C000C4D01D2B01D0162B1AD12F6000201EE007
:10A3D0000F69002FFAD093070E6808BF4B690F6012
:10A3E00018BF0023A6EB07088B60B8F1000FEDDD66
:10A3F000216AA66A43463A462846B047002808DC48
:10A40000B4F90C3043F04003A3814FF0FF30BDE8B6
:10A41000F0810744A8EB0008E7E700BF01004020F7
:10A4200038B50B6905460C4613B90025284638BDDA
:10A4300018B1036A0BB9FEF79DF9B4F90C30002B83
:10A44000F3D0626ED00704D4990502D4A06DFEF754
:10A4500028FB28462146FFF761FF636EDA070546B1
:10A46000E4D4A3899B05E1D4A06DFEF71BFBDDE7D7
:10A470000EB403B5014603AB054853F8042B00683E
:10A48000019300F0A3F802B05DF804EB03B070474D
:10A4900094010020884210B501EB020402D98442E5
:10A4A000234607D8431EA14207D011F8012B03F819
:10A4B000012FF8E70244824200D110BD13F8011DBC
:10A4C00002F8011DF7E7000038B5064D00230446E9
:10A4D00008462B6000F05EFB431C02D12B6803B1E1
:10A4E000236038BDF89B002008B5062000F040FA34
:10A4F000012000F065FB70B5A1FB025434B9294678
:10A50000FEF7BEFE064628B9304670BD0C2202603A
:10A510000026F9E72A462146FEF7DCF9F4E72DE9A3
:10A52000F041074614460D4621B9BDE8F0411146F9
:10A53000FEF7A6BE2AB9FEF7F3FA25462846BDE87F
:10A54000F08100F031FA8442064602D8B4EB500F95
:10A55000F4D821463846FEF793FE804608B94546B2
:10A56000ECE7B4422246294628BF3246FEF79BFA62
:10A5700029463846FEF7D4FAF1E79368013B002BF1
:10A5800010B4936008DA9469A34201DB0A2903D16D
:10A590005DF8044B00F032B91368581C1060197054
:10A5A00008465DF8044B7047F8B506460F4614465A
:10A5B000D518AC4201D1002007E014F8011B3A463F
:10A5C0003046FFF7DAFF431CF3D1F8BD2DE9F04F19
:10A5D0000D469DB014469846064618B1036A0BB95D
:10A5E000FEF7C8F86B6ED90705D4AB899A0502D47B
:10A5F000A86DFEF756FAAB891B0701D52B699BB9ED
:10A600002946304600F038F970B16B6EDC0704D58E
:10A610004FF0FF301DB0BDE8F08FAB899805F7D43F
:10A62000A86DFEF73FFAF3E70023099320238DF886
:10A630002930CDF80C803023DFF8AC818DF82A303A
:10A640004FF0010923469A4613F8012B0AB1252A37
:10A65000F9D1BAEB040B0BD05B46224629463046B3
:10A66000FFF7A2FF013000F0A780099A5A4409922F
:10A670009AF80030002B00F09F8000234FF0FF324B
:10A68000CDE905230AF1010A049307938DF85330AD
:10A690001A935446052214F8011B5348F5F780FF1E
:10A6A000049AD8B9D10644BF20238DF8533013073C
:10A6B00044BF2B238DF853309AF800302A2B15D045
:10A6C000079A544600204FF00A0C214611F8013B2E
:10A6D000303B092B4BD9B0B1079214E0A0EB080333
:10A6E00009FA03F313430493A246D2E7039B191D0F
:10A6F0001B680391002BBBBF5B4242F00202079331
:10A700000793B8BF049223782E2B0AD163782A2BA3
:10A7100032D1039B1A1D1B68039243EAE373023490
:10A720000593DFF8D4A0217803225046F5F738FFCF
:10A7300038B1049BA0EB0A0040228240134301344D
:10A74000049314F8011B29488DF828100622F5F708
:10A7500027FF00283FD0264B1BBB039B073323F06A
:10A76000070308330393099B3B4409936AE70CFBF7
:10A7700002320C460120A8E7002301340593194654
:10A780004FF00A0C204610F8012B303A092A03D961
:10A79000002BC6D00591C4E70CFB01210446012320
:10A7A000F0E703AB00932A46124B04A93046AFF3FF
:10A7B00000800746781CD6D16B6ED90705D4AB89CB
:10A7C0009A0502D4A86DFEF76DF9AB895B063FF5DB
:10A7D0001FAF09981EE703AB00932A46054B04A957
:10A7E0003046FFF77BFCE4E7A4C00008AEC00008D9
:10A7F00000000000A9A50008AAC00008F8B50E4690
:10A800001446054618B1036A0BB9FDF7B3FFA369F7
:10A81000A360A3891A0701D5236943B921462846B5
:10A8200000F02AF818B14FF0FF373846F8BD23681A
:10A830002269981A6369F6B28342374605DC2146DD
:10A840002846FFF7EDFD0028EDD1A368013BA3608A
:10A8500023685A1C22601E706269431C9A4204D00D
:10A86000A389DB07E1D50A2EDFD121462846FFF771
:10A87000D7FD0028D9D0D6E738B5284B054618684B
:10A880000C4618B1036A0BB9FDF774FFB4F90C302C
:10A890001A0721D4D80607D409222A6043F04003BE
:10A8A000A3814FF0FF3030E0590712D5616B41B101
:10A8B00004F14403994202D02846FEF731F90023FF
:10A8C00063630022B4F90C3062602269226023F0D5
:10A8D000240343F00803A38122693AB99A0501D5FC
:10A8E000180603D52146284600F08AF8B4F90C3042
:10A8F00013F001020AD00022A26062695242A261F2
:10A90000226942B913F08000C8D138BD990758BFF9
:10A910006269A260F4E70020F7E700BF940100201D
:10A920001F2938B505460C4604D9162303604FF09D
:10A93000FF3038BDC26B12B152F821304BB92846F6
:10A9400000F030F8224601462846BDE8384000F0C5
:10A9500017B8012B0AD0591C03D11623036001201C
:10A96000E7E7002142F82410204698470020E0E75E
:10A97000024B01461868FFF7D3BF00BF94010020C7
:10A9800038B5074D00230446084611462B6000F0F9
:10A99000E9F8431C02D12B6803B1236038BD00BF26
:10A9A000F89B002000F0CEB851F8043C181F002B93
:10A9B000BCBF0B58C018704770B50C46B1F90E10EB
:10A9C000002996B015461E460ADAA18911F08001C9
:10A9D00013D14FF48062002031602A6016B070BD40
:10A9E0006A4600F047F80028EFDB019901F4704156
:10A9F000A1F5005359425941EBE700214022EAE713
:10AA00008B8973B59E0705460C4607D504F14703AD
:10AA1000236023610123636102B070BD01AB6A460C
:10AA2000FFF7CAFF009E28463146FEF729FCB4F91D
:10AA30000C3038B99A05EFD423F0030343F0020336
:10AA4000A381E3E743F08003A381019B2060C4E975
:10AA50000406002BE0D0B4F90E10284600F01CF8D4
:10AA60000028D9D0A38923F0030343F00103A38175
:10AA7000D2E7000038B5074D0023044608461146CA
:10AA80002B6000F057F8431C02D12B6803B1236000
:10AA900038BD00BFF89B002038B5064D00230446A2
:10AAA00008462B6000F056F8431C02D12B6803B116
:10AAB000236038BDF89B002038B5002200230446EF
:10AAC0000D46F6F72FF828B920462946BDE838404C
:10AAD00000F00AB8204605F1004100F005F84042B8
:10AAE00061EB410138BD00BFD0B50C4B00220646DA
:10AAF0000F46F5F7A5FDF6F753F80446F5F7AAFC5F
:10AB0000074B0022F5F79CFD02460B4630463946BE
:10AB1000F5F762FBF6F744F82146D0BD0000F03DA2
:10AB20000000F041024B58221A604FF0FF3070478E
:10AB3000F89B0020024B58221A604FF0FF307047FC
:10AB4000F89B0020024B58221A604FF0FF307047EC
:10AB5000F89B0020024B58221A600020704700BF6B
:10AB6000F89B0020024B58221A604FF0FF307047CC
:10AB7000F89B0020024B58221A604FF0FF307047BC
:10AB8000F89B0020024B58221A604FF0FF307047AC
:10AB9000F89B0020044A05491368002B08BF0B46A8
:10ABA0001844106018467047089C0020109C002034
:10ABB000024B58221A604FF0FF307047F89B00207C
:10ABC000FEE700BF00F062B908B52DED028BB0EED4
:10ABD000408A00F08DF8B4EE488AF1EE10FA06D6FD
:10ABE000DFED098AB4EEE88AF1EE10FA02D4BDEC8A
:10ABF000028B08BDFDF72AFF88EEA80ABDEC028B88
:10AC00002123036008BD00BF0000000010EE103AD1
:10AC1000184923F000428A421AD9B2F1FF4F02D3F9
:10AC200030EE400A704700B583B0684600F0D4F9B2
:10AC300000F0030001289DED000ADDED010A10D0AF
:10AC4000022809D090B900F057F803B05DF804FB72
:10AC5000DFED090A00F050B800F04EF8B1EE400AFE
:10AC6000F3E700F0CBF8B1EE400AEEE7012000F088
:10AC7000C5F8EAE7D80F493F0000000010EE103A8F
:10AC8000194923F000428A421BD9B2F1FF4F02D387
:10AC900030EE400A704700B583B0684600F09CF97A
:10ACA00000F0030001289DED000ADDED010A13D03C
:10ACB00002280BD098B9012000F0A0F803B05DF88D
:10ACC00004FBDFED0A0A002000F098B8012000F034
:10ACD00095F8B1EE400AF1E700F00EF8EEE700F06B
:10ACE0000BF8B1EE400AE9E7D80F493F0000000039
:10ACF000B1EEC00A704700BF10EE103A23F00043D7
:10AD0000B3F1485F2CD2FDEEC07A17EE903A002BDB
:10AD100060D060EE007A9FED317A9FED315ADFED21
:10AD2000315A9FED316ADFED316AA7EE875A9FED08
:10AD3000307AE7EE855AA7EEA56AA7EE867AE7EEA7
:10AD4000876A67EEA66A60EEC00AB6EE007AE7EEA2
:10AD5000A60AB7EE000AD7EE870A30EE600A7047FF
:10AD600060EE007A9FED1D7A9FED1D5ADFED1D5AB2
:10AD70009FED1D6ADFED1D6A1E4AA7EE875A9342BA
:10AD80009FED1B7AE5EE275AA5EEA76AA6EE277A75
:10AD9000E7EE276A66EEA76AD5D9174A934214D818
:10ADA00003F17F4307EE103AB7EE006A36EE476ACA
:10ADB00060EEC00AF6EE005A97EEA57AE7EEA60A14
:10ADC00037EE607A36EE470A7047B6EE076AB5EEA0
:10ADD000027AEDE7B7EE000A704700BF4ED747ADE5
:10ADE000F6740F317CF293B4010DD037ABAA2A3D33
:10ADF000610BB6BA9999993E0000483F10EE103A9F
:10AE000023F00043B3F1485F04D2FDEEC07A17EEA1
:10AE1000903A5BB360EE007A9FED157ADFED155A3C
:10AE20009FED156ADFED156AE7EE875A9FED147AFC
:10AE3000A5EEA76A20EE275AE6EE276AA6EEA77AC5
:10AE400030B9DFED106AE7EE876AA6EE850A704733
:10AE500027EE457AF6EE006AA0EEA67ADFED0A6AE2
:10AE6000D7EE270AE5EE260A30EE600A704700BFEB
:10AE7000D3C92E2F342FD7B21BEF3836010D50B95E
:10AE80008988083CABAA2ABEABAA2A3E10B582B07C
:10AE9000CDED010A019B23F00042B2F1FF4FF0EE2D
:10AEA000407A30D810EE100A20F00041B1F1FF4F87
:10AEB00029D8B3F17E5F3ED09C1704F0020444EA27
:10AEC000D07431B37AB3B2F1FF4F3FD0B1F1FF4F3D
:10AED00029D0891AB1F1F45F4FEAE15233DA002B3D
:10AEE00041DA3C323FDA9FED330A012C4DD0022C7F
:10AEF00042D064B19FED307ADFED307A30EE070A50
:10AF000030EE670A03E09DED017A37EE270A02B0C2
:10AF100010BD022C0CD09FED2A7A032C08BFB0EE96
:10AF2000470A02B010BD00280ADB9FED260AEEE7B3
:10AF30009FED220AEBE702B0BDE8104000F082B9B5
:10AF40009FED210AE3E79FED1F0ACEE7B1F1FF4F26
:10AF500004F1FF3420D0022C26D81C4B03EB8403D1
:10AF600093ED000AD3E79DED017A87EE870A00F0A2
:10AF70003BFA00F067F9B8E79FED0F7ADFED0F7A43
:10AF800030EE070A37EEC00AC1E710EE103A03F1BF
:10AF9000004300EE103ABAE7022C08D80C4B03EB42
:10AFA000840393ED000AB2E79FED020AAFE79FED3D
:10AFB000090AACE7000000002EBDBB33DB0F49409F
:10AFC000DB0F49C0DB0FC93FDB0FC9BFD0C300088F
:10AFD000DCC30008DB0F493F70B510EE103A8B4A16
:10AFE00023F00044944286B0054671D9884A9442C1
:10AFF0001E4624D823F00042002BDFED867A8649D6
:10B0000022F00F02B0EE407A40F3E6808A4270EE02
:10B01000677A09BF9FED817ADFED816ADFED816A92
:10B0200077EEC77A37EEE67A77EEC77A80ED007A68
:10B0300077EEE67AC0ED017A012006B070BD7A4A5B
:10B04000944253D9B4F1FF4F49D2E215863AA4EBAA
:10B05000C25307EE903ABDEEE77ADFED746AB8EEC0
:10B06000C77A77EEC77A8DED037A67EEA67ABDEEE2
:10B07000E77AB8EEC77A77EEC77A8DED047A67EE95
:10B08000A67AF5EE407AF1EE10FACDED057A40F0B1
:10B090008E80B5EE407AF1EE10FA40F08A800123FE
:10B0A000634901910221009103A8294600F0A4F907
:10B0B000002EC2DA95ED007AD5ED017AB1EE477A2D
:10B0C000F1EE677A85ED007AC5ED017A4042B4E78A
:10B0D000002285ED000A4260002006B070BD70EECF
:10B0E000407AC0ED017AC0ED007AF5E700F07CF916
:10B0F0009FED507A9FED476AF6EE007AE0EE077A10
:10B100009FED477AFDEEE77AF8EEE76A17EE900AD0
:10B11000A6EEC60A1F2866EE877AB1EE666A30EEA2
:10B12000677A1EDC444A411E26F0004352F8212073
:10B1300023F0FF03934214D085ED007A30EE470AE6
:10B14000002E30EE670A85ED010ABFF676AFB1EE4C
:10B15000477AB1EE400A85ED007A85ED010A40425A
:10B160006BE717EE103AC3F3C753C3EBD453082B66
:10B170004FEAE452E0DD9FED297A9FED2A5AF0EE86
:10B18000405AE6EE075A70EE657AE6EE077AD6EE9A
:10B19000857A35EEE77A17EE103AC3F3C753D21A21
:10B1A000192A08DCB0EE650A85ED007AC6E70323AC
:10B1B00076E7022374E79FED217A9FED215AB0EEE6
:10B1C000650AA6EE070A75EEC07AE6EE077AD6EEB5
:10B1D000857A30EE677AAFE78A4270EE277A09BF48
:10B1E0009FED0E7ADFED0E6ADFED0E6A77EE877A5D
:10B1F00037EEA67A77EEC77A80ED007A77EEA67AF8
:10B20000C0ED017A4FF0FF3017E700BFD80F493F7C
:10B21000E3CB1640800FC93FD00FC93F00443537FC
:10B220004344353708A3852E800F494300008043EF
:10B2300068C4000884F9223FE8C3000800A3852EF3
:10B2400032318D2438B510EE105A25F00044B4F197
:10B25000A14FF0EE407A07D3B4F1FF4F55D8002D3F
:10B2600077DD9FED4E0A38BD4D4B9C425CD8B4F162
:10B27000445F4DD34FF0FF3327EEA76A9FED495A45
:10B280009FED497ADFED495ADFED494A66EE066ADD
:10B290005A1CA6EE857AE6EEA54A9FED465ADFEDEA
:10B2A000465AA7EE265AE4EEA65A9FED447ADFED01
:10B2B000444AA5EE267AE5EEA64A9FED425ADFED16
:10B2C000425AA7EE265A9FED417AA4EEA67AE5EE01
:10B2D000265A27EE267AA5EE867A27EE877A3BD085
:10B2E0003B493C4A01EB8301D1ED006A37EE667AB7
:10B2F00002EB8303D3ED006A37EE677A002D36EE5A
:10B30000C70AB0DAB1EE400A38BD30EE000A38BDE7
:10B310009FED317A30EE077AF7EE006AB4EEE67A06
:10B32000F1EE10FAA6DD38BD00F05EF82B4B9C4222
:10B3300015D8A3F5D0039C4226D8F0EE007ABFEED4
:10B34000007AA0EE277A002330EE270AC7EE007AB3
:10B3500092E79FED230A38BD37EEC70A38BD214B6F
:10B360009C420BD8F7EE087AB7EE007AA0EE277A67
:10B37000022330EE670AC0EE077A7DE7BFEE007A5F
:10B38000C7EE007A032377E7F7EE007A30EE677AAC
:10B3900030EE270A0123C7EE007A6DE7DB0FC93FC5
:10B3A000FFFFDF3ED769853C59DA4B3D21A215BD31
:10B3B0006BF16EBD356B883D95879DBD6E2EBA3D98
:10B3C000388EE3BD2549123EABAAAA3ECDCC4CBE79
:10B3D00080C7000890C70008CAF24971FFFF973F75
:10B3E000DB0FC9BFFFFF1B4010EE103A23F00043F4
:10B3F00000EE103A704700BF2DE9F04F2DED048BA1
:10B40000DBB01C46944603930A46BA4B68991CF17C
:10B41000040F53F82170824604F1FF39C0F25682BE
:10B42000BCF1030348BF0CF10403DB1002930133AA
:10B430004FEAC30EACEB0E030593029B17EB09001A
:10B44000A3EB090316D401309FEDAB7A699C184435
:10B450001EA9002BA4BF54F8235007EE905A03F105
:10B460000103ACBFF8EEE77AF0EE477A8342E1ECF5
:10B47000017AEED1002FC0F2E28203991EA800EB00
:10B4800081004FEA81087E18002346AD4C460AEB46
:10B490008101B9F1000F80F2C8800134B44245F84F
:10B4A000043B00F10400F4D10DF1280B0BEB8703F2
:10B4B000CDE9062E043B9FED929ADFED908A059828
:10B4C00004930AEB080446AE0BEB87080097CDF80F
:10B4D00020C00DEB8703002F93ED460A4FEA870546
:10B4E00015DD73195A4660EE097AB0EE407AFDEE2A
:10B4F000E77A73ED016AF8EEE77AB342A7EEE87AED
:10B5000037EEA60ABDEEC77AA2EC017AEBD1019024
:10B5100000F0B8FAF4EE007AB0EE408A20EE270A86
:10B5200000F01EFBF2EE007AA0EE678A0198002878
:10B53000FDEEC89AF8EEE97A38EE678A40F3828029
:10B54000791EC0F108035BF821E04EFA03FC0CFA07
:10B5500003F3AEEB030EC0F1070219EE903A4EFA78
:10B5600002F26344002A09EE903A4BF821E000F31E
:10B57000AF80B5EE408AF1EE10FA74D1009B9F4285
:10B580000ADD5D44002355F8041D454543EA0103E7
:10B59000F9D1002B40F00281009B013B5BF8232096
:10B5A0007B1C9C46002A40F0F780049A012152F847
:10B5B000045D0131002DFAD03944029D039A05EB58
:10B5C000030E0EF1804E699D0EF1FF3E3A4405EBED
:10B5D0008E0E1EAD06EB830705EB8205DEED017ACC
:10B5E000F8EEE77AB9F1000F0EF1040EE5EC017AFE
:10B5F000DFED417A09DB2A465346F3EC016A32ED6E
:10B60000017AA342E6EE877AF7D10CF1010C8C4562
:10B61000E7EC017AE2DD0F465BE70134B442E5EC8A
:10B62000017A00F104003FF43FAFDFED337A834647
:10B630005346F3EC016A3BED017A8B42E6EE877AE2
:10B64000F7D1EAE700F09180F6EE007AB4EEE78AEF
:10B65000F1EE10FA80F22981B5EE408AF1EE10FA8F
:10B660004FF000028AD09246DDE9062EDDF820C0B8
:10B670000197AEEB0C00B0EE480A009F009200F07C
:10B6800001FADFED1E6AB4EEE60AF1EE10FADDE92A
:10B690000023F0EE407AC0F29C819FED197A059963
:10B6A00020EE077A0831BDEEC77A0591B8EEC77A69
:10B6B0005C1CE7EE667ABDEEC77AFDEEE77A17EE20
:10B6C000901A4BF8231017EE103A4BF824307EE016
:10B6D0000133002F09EE903A40F39D8159464FF017
:10B6E000000E51F8043B002B39D0C3F5807341F8AC
:10B6F000043C0CE0CCC700080000000000008043C0
:10B700000000803B0B68C3F1FF0341F8043B0EF1DE
:10B71000010E7745F6DC01239E4600280BDD01284B
:10B7200000F0BB80022806D1791E5BF8213003F0BF
:10B730003F0C4BF821C0022A7FF41BAFB7EE000A82
:10B74000734630EE488A002B3FF413AF0992019004
:10B7500000F098F90198099A38EE408A09E70EF14D
:10B76000010E7745BDDC9E46D7E77B1E5BF82320A4
:10B77000D211002A7FF7FDAE19EE903A002F03F1A7
:10B78000010309EE903AA9DC022A7FF4F2AEF7EE4B
:10B79000007A37EEC88AECE619460EE73B46924639
:10B7A000DDE905125C1EA1F108005BF82410009F82
:10B7B000059061B903F18043013B0BEB8303014624
:10B7C00053F8040D013C08390028F9D0059105987B
:10B7D0000092B7EE000A00F055F9002C009AB0EE86
:10B7E000407AC0F22281601C46AD5FED3B6A810069
:10B7F0000BEB800305EB800073ED017AF8EEE77A3E
:10B800005B4567EE877A27EE267A60ED017AF3D101
:10B810000DF1C8080E1F2E44C646A4460025002F71
:10B820007DDBDFF85C92DFED957A3046002307E0A0
:10B83000F9EC016AB0EC017A9F42E6EE877A03DB0D
:10B84000AB4203F10103F3DD0CF1FF3CBCF1FF3F20
:10B85000EEEC017A05F10105A6F10406E1D1689B41
:10B86000022B6ADC002B36DC0ED1DFED847A4144FA
:10B8700031ED017A414577EE877AF9D15346002BB5
:10B8800040F0C680C2ED007A19EE903A03F007004E
:10B890005BB0BDEC048BBDE8F08F791E5BF8213006
:10B8A00003F07F0C4BF821C045E719EE903A002FCA
:10B8B00003F1010309EE903AC8BF02223FF70EAF31
:10B8C000F7EE007A37EEC88A022252E600234FF0E4
:10B8D000080E0293AEE5DDED327A9FED687A4144C1
:10B8E00071ED016A414537EE267AF9D15346002BB6
:10B8F00040F0848077EEC77A82ED007A64B133A994
:10B900000123B1EC017A01339C4277EE877AF8DAB1
:10B9100053460BB1F1EE677AC2ED017AB4E70CF150
:10B92000FF3C0023BCF1FF3F4EF8043B05F101054D
:10B93000A6F104067FF473AF91E7689B032BA3D1B4
:10B94000002C00F08C8008EB840595ED007AA000B7
:10B950002B46294671ED017AF0EE476A37EE277AD9
:10B96000414577EEC77A81ED007A77EEA67AC1ED90
:10B97000017AEFD1012C72D095ED007A08F1040123
:10B9800073ED017AF0EE476A37EE277A994277EE47
:10B99000C77A83ED007A77EEA67AC3ED017AEFD10C
:10B9A000031DDFED367A434408F1080833ED017AD0
:10B9B000984577EE877AF9D15346DDED326A9DEDF1
:10B9C000337A73B9C2ED006A82ED017AC2ED027A70
:10B9D0005AE7FDEEC07A1C4617EE901A4BF823107A
:10B9E000F5E6F1EE666AB1EE477AF1EE677AC2EDFE
:10B9F000006A82ED017AC2ED027A45E7F1EE476A0C
:10BA000077EEC77AC2ED006A002C7FF478AF81E749
:10BA1000F1EE677A36E7012815D002287FF4B4AE3C
:10BA20000EF03F034BF82130AEE6689B022B12DC90
:10BA3000002B17DC7FF428AFDFED107A1EE7039BA5
:10BA40004FEA830830E50EF07F03022A4BF82130DD
:10BA50007FF48FAD9BE6689B032B7FF415AFDFED82
:10BA6000077AA9E75346DDED327A1BB14FF0004368
:10BA700013604FE7002313604EE700BF0000000093
:10BA8000A0C7000810EE103A33F000411A4625D046
:10BA9000B1F1FF4F1FD213F0FF4F20D1DFED297A14
:10BAA000294A60EE277A904217EE903A31DB4CF249
:10BAB000503CC3F3C75160451A46A1F1190114DD8A
:10BAC000002BDFED227A9FED210AB8BFDFED207A4F
:10BAD00027EE800A704730EE000A704770474CF23C
:10BAE000503C60454FEAD151EADC0144FE29E7DCD5
:10BAF000002915DC11F1160F19DB193122F0FF4274
:10BB000042EAC15207EE902A9FED120A27EE800A00
:10BB10007047DFED117A07EE103A27EE270A7047DB
:10BB200022F0FF4242EAC15300EE103A7047002B68
:10BB3000DFED097A9FED080AB8BFDFED087A27EE3E
:10BB4000800A70470000004CB03CFFFFCAF2497108
:10BB5000CAF249F1000000336042A20D6042A28D9A
:10BB600010EE102AC2F3C7537F3B162B22F0004180
:10BB70001BDC002B10461EDB1A4919410A4223D058
:10BB8000DFED197A70EE277AF5EEC07AF1EE10FA51
:10BB90001ADD002A04DA4FF4000242FA03F31844D3
:10BBA00020EA010300EE103A7047B1F1FF4F0BD3CA
:10BBB00030EE000A7047DFED0C7A70EE277AF5EE72
:10BBC000C07AF1EE10FA00DC7047002A02DB9FED2C
:10BBD000070A704711B99FED060A7047BFEE000AC9
:10BBE000F2E700BFFFFF7F00CAF2497100000000CA
:10BBF00000000080F8B500BFF8BC08BC9E46704746
:0CBC0000F8B500BFF8BC08BC9E467047B9
:10BC100055617274436F6D6D616E645461736B0036
:10BC2000436861737369735461736B006465666123
:10BC3000756C745461736B00524F544154494E47B4
:10BC40000052554E4E494E47004552524F52004900
:10BC5000444C45004F4E4C494E45004F46464C49DA
:10BC60004E45004F4B2042414C4C0D0A004F4B209B
:10BC7000525A0D0A00455252204C494E455F544FCE
:10BC80004F5F4C4F4E470D0A0020090053544F5050
:10BC90000045525220464F524D41540D0A004F4B21
:10BCA0002053544F500D0A005354415455530053E0
:10BCB000544154453D25730D0A494D553D25730D9D
:10BCC0000A5941573D252E32660D0A484541445FC9
:10BCD0004552523D252E32660D0A484541445F4388
:10BCE0004F52523D252E32660D0A444953543D258C
:10BCF0002E30660D0A5441524745543D252E30667C
:10BD00000D0A4C4153543D25750D0A42414C4C5F80
:10BD100053544154453D25730D0A42414C4C5F52EA
:10BD20004F554E443D25750D0A57415245484F55D4
:10BD300053455F42414C4C3D25750D0A53544F50BD
:10BD40003D25750D0A0048454C500046203C6D6D60
:10BD50003E0D0A42203C6D6D3E0D0A4C203C6D6D3F
:10BD60003E0D0A52203C6D6D3E0D0A4C46203C6D46
:10BD70006D3E203C6465673E0D0A5246203C6D6D69
:10BD80003E203C6465673E0D0A4C52203C6D6D3E82
:10BD9000203C6465673E0D0A5252203C6D6D3E208A
:10BDA0003C6465673E0D0A524F5420434357203C84
:10BDB0006465673E0D0A524F54204357203C64652A
:10BDC000673E0D0A475241420D0A42414C4C0D0A52
:10BDD000525A0D0A53544F500D0A5354415455535F
:10BDE0000D0A48454C500D0A41524D3A2047303D0E
:10BDF00073746172742C2047313D72657475726E74
:10BE00002C2047323D636C616D703B2047524142AC
:10BE10003D47322D3E7475726E2D3E47312C2042C7
:10BE2000414C4C3D6D617820360D0A00475241422D
:10BE30000045525220475241425F4E4F545F524597
:10BE40004144590D0A0045525220425553590D0A9A
:10BE5000004F4B20475241420D0A0042414C4C00DA
:10BE6000525A00524F54004343570045525220410A
:10BE70004E474C450D0A004F4B20524F540D0A00BF
:10BE80004C46005246004C52005252004F4B0D0A95
:10BE900000554E4B4E4F574E004F4B0043414E43C3
:10BEA000454C4544004D4149585F55415254004D61
:10BEB0004149585F54494D454F55540053455256DA
:10BEC0004F005455524E5441424C4500475241593F
:10BED0005F414C49474E00414C49474E494E47004F
:10BEE000574149545F4D4149580052455455524EAF
:10BEF00000434F4D504C4554450005F3AB01016BD9
:10BF00000005FE98016B00546D725100546D722053
:10BF1000537663002E006E6600696E697479006165
:10BF20006E005245454E54206D616C6C6F632073FA
:10BF30007563636565646564002F646174612F6A6D
:10BF4000656E6B696E732F776F726B73706163656B
:10BF50002F474E552D746F6F6C636861696E2F614A
:10BF6000726D2D31342F7372632F6E65776C696239
:10BF70002D63796777696E2F6E65776C69622F6CB8
:10BF80006962632F737472696E672F737472746F52
:10BF90006B2E63004300504F534958002C206675A8
:10BFA0006E6374696F6E3A200061737365727469B1
:10BFB0006F6E2022257322206661696C65643A20C9
:10BFC00066696C6520222573222C206C696E6520C1
:10BFD0002564257325730A0042616C6C6F632073BE
:10BFE0007563636565646564002F646174612F6ABD
:10BFF000656E6B696E732F776F726B7370616365BB
:10C000002F474E552D746F6F6C636861696E2F6199
:10C01000726D2D31342F7372632F6E65776C696288
:10C020002D63796777696E2F6E65776C69622F6C07
:10C030006962632F7374646C69622F6764746F61E3
:10C040002D6765746865782E63002F646174612FB5
:10C050006A656E6B696E732F776F726B7370616355
:10C06000652F474E552D746F6F6C636861696E2F35
:10C0700061726D2D31342F7372632F6E65776C6929
:10C08000622D63796777696E2F6E65776C69622FB1
:10C090006C6962632F7374646C69622F6D70726572
:10C0A000632E6300232D302B2000686C4C006566E6
:10C0B00067454647003031323334353637383941F9
:10C0C000424344454600303132333435363738390F
:10C0D000616263646566000010BC00080000000037
:10C0E000000000000000000000000000000C000044
:10C0F00020000000000000000000000020BC00083C
:10C10000000000000000000000000000000000002F
:10C1100000080000180000000000000000000000FF
:10C120002CBC00080000000000000000000000001F
:10C1300000000000000400001800000000000000E3
:10C1400000000000000000000102030400000000E5
:10C150000000000001020304060708094FBC0008A4
:10C16000D7BE0008E0BE00082CBE0008EABE0008EA
:10C17000F1BE0008B4BE00089CBE000849BC00081F
:10C1800034000000CEFBFFFFCB03000001000000E5
:10C190000000000035000000CEFBFFFFCB030000D5
:10C1A0000100000000000000BC89D897B2D29C3C7E
:10C1B00033A7A8D523F649393DA7F444FD0FA5328E
:10C1C0009D978CCF08BA5B25436FAC642806681135
:10C1D0000020202020202020202028282828282057
:10C1E000202020202020202020202020202020204F
:10C1F00020881010101010101010101010101010B7
:10C2000010040404040404040404041010101010A6
:10C210001010414141414141010101010101010170
:10C2200001010101010101010101010110101010C2
:10C230001010424242424242020202020202020242
:10C240000202020202020202020202021010101096
:10C2500020000000000000000000000000000000BE
:10C2600000000000000000000000000000000000CE
:10C2700000000000000000000000000000000000BE
:10C2800000000000000000000000000000000000AE
:10C29000000000000000000000000000000000009E
:10C2A000000000000000000000000000000000008E
:10C2B000000000000000000000000000000000007E
:10C2C000000000000000000000000000000000006E
:10C2D0000000000005000000190000007D000000C3
:10C2E0000080E03779C34143176E05B5B5B8934672
:10C2F000F5F93FE9034F384D321D30F94877825A3E
:10C300003CBF737FDD4F1575000000000000F03F5B
:10C310000000000000002440000000000000594020
:10C320000000000000408F40000000000088C34073
:10C3300000000000006AF8400000000080842E41E8
:10C3400000000000D01263410000000084D7974134
:10C350000000000065CDCD41000000205FA002423A
:10C36000000000E876483742000000A2941A6D42AF
:10C37000000040E59C30A2420000901EC4BCD642A2
:10C3800000003426F56B0C430080E03779C341434D
:10C3900000A0D8855734764300C84E676DC1AB43C3
:10C3A000003D9160E458E143408CB5781DAF1544E1
:10C3B00050EFE2D6E41A4B4492D54D06CFF08044BC
:10C3C000F64AE1C7022DB544B49DD9794378EA44D1
:10C3D00000000080DB0F4940DB0F49C0DB0F49BF85
:10C3E000E4CB1640E4CB16C0000FC93F000F494014
:10C3F00000CB9640000FC9400053FB4000CB1641D4
:10C4000000ED2F41000F49410031624100537B4153
:10C41000003A8A4100CB9641005CA34100EDAF4158
:10C42000007EBC41000FC94100A0D5410031E2416E
:10C4300000C2EE410053FB4100F20342003A0A42BF
:10C440000083104200CB164200141D42005C2342C0
:10C4500000A5294200ED2F4200363642007E3C42C4
:10C4600000C74242000F4942A2000000F90000004C
:10C47000830000006E0000004E0000004400000039
:10C480001500000029000000FC000000270000004B
:10C4900057000000D1000000F5000000340000004B
:10C4A000DD000000C0000000DB00000062000000B2
:10C4B00095000000990000003C00000043000000CF
:10C4C0009000000041000000FE000000510000004C
:10C4D00063000000AB000000DE000000BB000000B5
:10C4E000C500000061000000B7000000240000004B
:10C4F0006E0000003A000000420000004D00000005
:10C50000D2000000E000000006000000490000002A
:10C510002E000000EA00000009000000D100000029
:10C52000920000001C000000FE0000001D00000042
:10C53000EB0000001C000000B1000000290000001A
:10C54000A70000003E000000E8000000820000009C
:10C5500035000000F50000002E000000BB000000C8
:10C560004400000084000000E90000009C0000007E
:10C570007000000026000000B40000005F00000012
:10C580007E00000041000000390000009100000022
:10C59000D6000000390000008300000053000000B6
:10C5A00039000000F40000009C000000840000003E
:10C5B0005F0000008B000000BD000000F9000000DB
:10C5C000280000003B0000001F000000F8000000F1
:10C5D00097000000FF000000DE00000005000000E2
:10C5E000980000000F000000EF0000002F00000086
:10C5F000110000008B0000005A0000000A0000003B
:10C600006D0000001F0000006D00000036000000FB
:10C610007E000000CF00000027000000CB000000DB
:10C6200009000000B70000004F00000046000000B5
:10C630003F000000660000009E0000005F00000058
:10C64000EA0000002D000000750000002700000037
:10C65000BA000000C7000000EB000000E500000089
:10C66000F10000007B0000003D000000070000001A
:10C6700039000000F70000008A00000052000000AE
:10C6800092000000EA0000006B000000FB000000C8
:10C690005F000000B10000001F0000008D000000DE
:10C6A0005D000000080000005600000003000000CC
:10C6B0003000000046000000FC0000007B0000008D
:10C6C0006B000000AB000000F0000000CF00000095
:10C6D000BC000000200000009A000000F4000000F0
:10C6E000360000001D000000A9000000E30000006B
:10C6F00091000000610000005E000000E600000004
:10C700001B00000008000000650000009900000008
:10C71000850000005F00000014000000A000000081
:10C7200068000000400000008D000000FF000000D5
:10C73000D8000000800000004D00000073000000E1
:10C740002700000031000000060000000600000085
:10C750001500000056000000CA0000007300000031
:10C76000A8000000C900000060000000E200000016
:10C770007B000000C00000008C0000006B00000087
:10C780006937AC3168212233B40F14336821A233E6
:10C790003863ED3EDA0F493F5E987B3FDA0FC93FC1
:10C7A0000000C93F0000F0390000DA370000A23372
:10C7B0000000842E0000502B0000C2270000D02271
:10C7C0000000C41F0000C61B000044170400000046
:08C7D000070000000900000051
:08C7D800A43DFF7F01000000F9
:04C7E000E90C000858
:04C7E400C10C00087C
:10C7E8000024F4000102FF01030100000000803F63
:10C7F8000100000010000000AAAAAAAA0000000078
:10C8080003000000BC9A0020430000000000000064
:10C818000000000000000000000000000000000010
:10C8280000000000000000004300000000000000BD
:10C8380000000000000000000000000000000000F0
:10C84800000000000000000043000000000000009D
:10C8580000000000000000000000000000000000D0
:10C86800000000000000000043000000000000007D
:10C8780000000000000000000000000000000000B0
:10C88800000000000000000043000000000000005D
:10C898000000000000000000000000000000000090
:10C8A800000000000000000043000000000000003D
:10C8B8000000000000000000000000000000000070
:10C8C800000000000000000043000000000000001D
:10C8D8000000000000000000000000000000000050
:10C8E80000000000000000002D9D00088193000852
:10C8F80000000000D0C1000814BF00088BBC00086D
:10C908008BBC00088BBC00088BBC00088BBC0008E3
:10C918008BBC00088BBC00088BBC00088BBC0008D3
:10C92800FFFFFFFFFFFFFFFFFFFFFFFFFFFF00000D
:10C938000100415343494900000000000000000085
:10C9480000000000000000000000000000000000DF
:10C958000000415343494900000000000000000066
:10C9680000000000000000000000000000000000BF
:10C97800000000009801002000000000BC9A002080
:10C98800249B00208C9B0020000000000000000079
:10C99800000000000000000000000000000000008F
:10C9A800000000000000000000000000000000007F
:10C9B800000000000000000000000000000000006F
:04C9C800000000006B
:0400000508000D0DD5
:00000001FF
